round,client,step,semantic_score,energy
1,2,0,0.353,0.148
1,2,1,0.354,0.1372
1,2,2,0.357,0.1273
1,2,3,0.372,0.0524
1,2,4,0.366,0.0765
1,2,5,0.363,0.0917
1,2,6,0.353,0.1533
1,2,7,0.373,0.0535
1,2,8,0.354,0.1532
1,2,9,0.359,0.12
1,2,10,0.365,0.0841
1,2,11,0.366,0.0912
1,2,12,0.363,0.0942
1,2,13,0.365,0.0856
1,2,14,0.356,0.1264
1,2,15,0.367,0.0792
1,2,16,0.361,0.1116
1,2,17,0.373,0.0568
1,2,18,0.368,0.068
1,2,19,0.37,0.0736
1,2,20,0.37,0.0686
1,2,21,0.355,0.1329
1,2,22,0.363,0.0966
1,2,23,0.362,0.1024
1,2,24,0.372,0.0534
1,2,25,0.358,0.12
1,2,26,0.352,0.1529
1,2,27,0.369,0.0792
1,2,28,0.358,0.1268
1,2,29,0.367,0.0809
1,2,30,0.365,0.0915
1,2,31,0.358,0.125
1,2,32,0.356,0.1325
1,2,33,0.366,0.0869
1,2,34,0.372,0.0505
1,2,35,0.372,0.0535
1,2,36,0.366,0.078
1,2,37,0.358,0.1325
1,2,38,0.36,0.122
1,2,39,0.377,0.03
1,2,40,0.357,0.12
1,2,41,0.358,0.1255
1,2,42,0.357,0.1272
1,2,43,0.365,0.0901
1,2,44,0.359,0.12
1,2,45,0.36,0.1273
1,2,46,0.365,0.0836
1,2,47,0.369,0.0744
1,2,48,0.355,0.1353
1,2,49,0.358,0.12
1,1,0,0.369,0.0697
1,1,1,0.374,0.0456
1,1,2,0.37,0.0587
1,1,3,0.371,0.052
1,1,4,0.369,0.0596
1,1,5,0.369,0.066
1,1,6,0.37,0.0712
1,1,7,0.371,0.0612
1,1,8,0.374,0.038
1,1,9,0.369,0.0659
1,1,10,0.367,0.0744
1,1,11,0.377,0.032
1,1,12,0.378,0.0277
1,1,13,0.37,0.0694
1,1,14,0.373,0.0555
1,1,15,0.368,0.0736
1,1,16,0.374,0.0435
1,1,17,0.375,0.0401
1,1,18,0.366,0.0788
1,1,19,0.371,0.0564
1,1,20,0.369,0.0625
1,1,21,0.377,0.038
1,1,22,0.376,0.03
1,1,23,0.37,0.066
1,1,24,0.367,0.074
1,1,25,0.376,0.0276
1,1,26,0.377,0.032
1,1,27,0.379,0.0261
1,1,28,0.371,0.0628
1,1,29,0.372,0.0541
1,1,30,0.37,0.0669
1,1,31,0.371,0.06
1,1,32,0.372,0.0603
1,1,33,0.368,0.0752
1,1,34,0.375,0.032
1,1,35,0.373,0.0576
1,1,36,0.369,0.0656
1,1,37,0.369,0.0637
1,1,38,0.372,0.0563
1,1,39,0.372,0.0488
1,1,40,0.367,0.0745
1,1,41,0.368,0.0722
1,1,42,0.375,0.04
1,1,43,0.371,0.0661
1,1,44,0.37,0.0605
1,1,45,0.371,0.0531
1,1,46,0.371,0.0549
1,1,47,0.377,0.032
1,1,48,0.373,0.0527
1,1,49,0.374,0.038
1,3,0,0.361,0.1128
1,3,1,0.357,0.1295
1,3,2,0.359,0.114
1,3,3,0.358,0.1246
1,3,4,0.346,0.184
1,3,5,0.346,0.1752
1,3,6,0.363,0.0968
1,3,7,0.349,0.17
1,3,8,0.356,0.1322
1,3,9,0.361,0.1059
1,3,10,0.357,0.1348
1,3,11,0.356,0.1238
1,3,12,0.368,0.0691
1,3,13,0.357,0.1275
1,3,14,0.354,0.1476
1,3,15,0.358,0.1259
1,3,16,0.354,0.1482
1,3,17,0.352,0.1574
1,3,18,0.351,0.1552
1,3,19,0.363,0.0985
1,3,20,0.353,0.142
1,3,21,0.354,0.142
1,3,22,0.349,0.1744
1,3,23,0.352,0.1432
1,3,24,0.356,0.1338
1,3,25,0.353,0.1472
1,3,26,0.356,0.1289
1,3,27,0.358,0.1288
1,3,28,0.362,0.1018
1,3,29,0.351,0.16
1,3,30,0.351,0.1552
1,3,31,0.362,0.1111
1,3,32,0.352,0.1549
1,3,33,0.364,0.0972
1,3,34,0.347,0.174
1,3,35,0.35,0.1657
1,3,36,0.347,0.1807
1,3,37,0.347,0.1752
1,3,38,0.356,0.1335
1,3,39,0.361,0.1157
1,3,40,0.345,0.1808
1,3,41,0.35,0.157
1,3,42,0.347,0.184
1,3,43,0.353,0.1397
1,3,44,0.354,0.1457
1,3,45,0.353,0.1516
1,3,46,0.356,0.1402
1,3,47,0.357,0.1147
1,3,48,0.349,0.1626
1,3,49,0.355,0.1421
2,2,0,0.367,0.0839
2,2,1,0.353,0.1481
2,2,2,0.354,0.134
2,2,3,0.36,0.12
2,2,4,0.355,0.146
2,2,5,0.355,0.1336
2,2,6,0.363,0.0884
2,2,7,0.359,0.12
2,2,8,0.367,0.0776
2,2,9,0.359,0.1137
2,2,10,0.36,0.12
2,2,11,0.364,0.092
2,2,12,0.358,0.12
2,2,13,0.358,0.12
2,2,14,0.365,0.0897
2,2,15,0.355,0.1384
2,2,16,0.354,0.1372
2,2,17,0.373,0.0505
2,2,18,0.362,0.1112
2,2,19,0.358,0.1266
2,2,20,0.354,0.148
2,2,21,0.363,0.0976
2,2,22,0.356,0.1272
2,2,23,0.368,0.0684
2,2,24,0.354,0.1424
2,2,25,0.359,0.12
2,2,26,0.36,0.12
2,2,27,0.353,0.1337
2,2,28,0.356,0.134
2,2,29,0.364,0.0852
2,2,30,0.357,0.126
2,2,31,0.357,0.1276
2,2,32,0.381,0.022
2,2,33,0.366,0.0802
2,2,34,0.355,0.1233
2,2,35,0.364,0.0928
2,2,36,0.354,0.1326
2,2,37,0.36,0.12
2,2,38,0.353,0.1529
2,2,39,0.357,0.12
2,2,40,0.364,0.1024
2,2,41,0.356,0.1254
2,2,42,0.365,0.0842
2,2,43,0.355,0.1329
2,2,44,0.357,0.12
2,2,45,0.359,0.12
2,2,46,0.358,0.134
2,2,47,0.369,0.076
2,2,48,0.359,0.12
2,2,49,0.367,0.084
2,1,0,0.37,0.0615
2,1,1,0.373,0.0497
2,1,2,0.374,0.052
2,1,3,0.37,0.074
2,1,4,0.37,0.068
2,1,5,0.378,0.032
2,1,6,0.372,0.0521
2,1,7,0.37,0.0546
2,1,8,0.375,0.032
2,1,9,0.372,0.055
2,1,10,0.375,0.032
2,1,11,0.37,0.0573
2,1,12,0.372,0.053
2,1,13,0.369,0.066
2,1,14,0.367,0.08
2,1,15,0.37,0.0637
2,1,16,0.372,0.0606
2,1,17,0.369,0.0708
2,1,18,0.372,0.0581
2,1,19,0.377,0.032
2,1,20,0.371,0.0544
2,1,21,0.376,0.032
2,1,22,0.37,0.0582
2,1,23,0.371,0.054
2,1,24,0.375,0.04
2,1,25,0.367,0.0776
2,1,26,0.375,0.032
2,1,27,0.369,0.0667
2,1,28,0.373,0.0488
2,1,29,0.371,0.05
2,1,30,0.377,0.0308
2,1,31,0.374,0.0427
2,1,32,0.372,0.0544
2,1,33,0.375,0.032
2,1,34,0.371,0.0653
2,1,35,0.37,0.0541
2,1,36,0.368,0.0688
2,1,37,0.372,0.0579
2,1,38,0.373,0.04
2,1,39,0.376,0.032
2,1,40,0.373,0.0482
2,1,41,0.368,0.0704
2,1,42,0.372,0.0569
2,1,43,0.367,0.0736
2,1,44,0.37,0.0531
2,1,45,0.372,0.0516
2,1,46,0.373,0.0581
2,1,47,0.372,0.0657
2,1,48,0.372,0.0492
2,1,49,0.375,0.04
2,0,0,0.371,0.0545
2,0,1,0.371,0.067
2,0,2,0.373,0.0456
2,0,3,0.376,0.0296
2,0,4,0.375,0.0334
2,0,5,0.374,0.048
2,0,6,0.371,0.049
2,0,7,0.376,0.0316
2,0,8,0.373,0.0528
2,0,9,0.371,0.0573
2,0,10,0.37,0.0612
2,0,11,0.372,0.0585
2,0,12,0.377,0.0288
2,0,13,0.367,0.074
2,0,14,0.371,0.0638
2,0,15,0.371,0.0627
2,0,16,0.378,0.0252
2,0,17,0.37,0.0631
2,0,18,0.37,0.063
2,0,19,0.372,0.0612
2,0,20,0.372,0.0602
2,0,21,0.373,0.0546
2,0,22,0.37,0.0617
2,0,23,0.37,0.0644
2,0,24,0.376,0.0245
2,0,25,0.369,0.0624
2,0,26,0.367,0.0712
2,0,27,0.373,0.0331
2,0,28,0.374,0.036
2,0,29,0.371,0.0476
2,0,30,0.375,0.0373
2,0,31,0.371,0.0563
2,0,32,0.373,0.049
2,0,33,0.371,0.0499
2,0,34,0.369,0.0665
2,0,35,0.372,0.056
2,0,36,0.373,0.0508
2,0,37,0.369,0.0636
2,0,38,0.368,0.0676
2,0,39,0.372,0.0484
2,0,40,0.375,0.0465
2,0,41,0.371,0.0628
2,0,42,0.375,0.0386
2,0,43,0.37,0.064
2,0,44,0.368,0.078
2,0,45,0.371,0.0582
2,0,46,0.374,0.0476
2,0,47,0.371,0.0644
2,0,48,0.37,0.0638
2,0,49,0.37,0.058
3,2,0,0.359,0.1197
3,2,1,0.355,0.1354
3,2,2,0.371,0.0699
3,2,3,0.367,0.0833
3,2,4,0.358,0.12
3,2,5,0.359,0.12
3,2,6,0.352,0.1537
3,2,7,0.358,0.12
3,2,8,0.353,0.1337
3,2,9,0.361,0.1042
3,2,10,0.364,0.0969
3,2,11,0.369,0.0664
3,2,12,0.354,0.1396
3,2,13,0.355,0.1336
3,2,14,0.355,0.152
3,2,15,0.359,0.12
3,2,16,0.367,0.0823
3,2,17,0.367,0.0917
3,2,18,0.356,0.134
3,2,19,0.363,0.0936
3,2,20,0.36,0.1128
3,2,21,0.355,0.1368
3,2,22,0.365,0.0845
3,2,23,0.362,0.1065
3,2,24,0.366,0.0798
3,2,25,0.354,0.148
3,2,26,0.368,0.084
3,2,27,0.364,0.0905
3,2,28,0.379,0.02
3,2,29,0.362,0.1052
3,2,30,0.371,0.0544
3,2,31,0.352,0.148
3,2,32,0.356,0.1338
3,2,33,0.359,0.12
3,2,34,0.362,0.0985
3,2,35,0.365,0.081
3,2,36,0.356,0.1329
3,2,37,0.364,0.0921
3,2,38,0.366,0.0837
3,2,39,0.353,0.1481
3,2,40,0.358,0.12
3,2,41,0.354,0.1396
3,2,42,0.358,0.12
3,2,43,0.358,0.12
3,2,44,0.351,0.1524
3,2,45,0.365,0.0984
3,2,46,0.357,0.1242
3,2,47,0.365,0.0988
3,2,48,0.371,0.0684
3,2,49,0.356,0.1329
3,1,0,0.367,0.074
3,1,1,0.37,0.0587
3,1,2,0.369,0.0661
3,1,3,0.369,0.0633
3,1,4,0.374,0.0457
3,1,5,0.372,0.0575
3,1,6,0.369,0.0601
3,1,7,0.369,0.0685
3,1,8,0.367,0.074
3,1,9,0.369,0.0632
3,1,10,0.37,0.06
3,1,11,0.377,0.0404
3,1,12,0.379,0.026
3,1,13,0.368,0.074
3,1,14,0.366,0.0828
3,1,15,0.372,0.0564
3,1,16,0.371,0.0619
3,1,17,0.372,0.0524
3,1,18,0.371,0.0532
3,1,19,0.372,0.0576
3,1,20,0.378,0.028
3,1,21,0.367,0.0776
3,1,22,0.368,0.066
3,1,23,0.375,0.038
3,1,24,0.373,0.0533
3,1,25,0.369,0.074
3,1,26,0.371,0.0571
3,1,27,0.372,0.0505
3,1,28,0.367,0.0764
3,1,29,0.38,0.0268
3,1,30,0.373,0.0554
3,1,31,0.367,0.08
3,1,32,0.367,0.0677
3,1,33,0.373,0.0565
3,1,34,0.373,0.0561
3,1,35,0.375,0.0506
3,1,36,0.377,0.032
3,1,37,0.373,0.05
3,1,38,0.369,0.0673
3,1,39,0.373,0.0504
3,1,40,0.37,0.0692
3,1,41,0.371,0.0539
3,1,42,0.368,0.0664
3,1,43,0.367,0.0696
3,1,44,0.37,0.0692
3,1,45,0.368,0.0744
3,1,46,0.37,0.0668
3,1,47,0.37,0.064
3,1,48,0.369,0.0535
3,1,49,0.37,0.0589
3,0,0,0.373,0.0648
3,0,1,0.373,0.0556
3,0,2,0.367,0.0805
3,0,3,0.374,0.0317
3,0,4,0.373,0.0526
3,0,5,0.377,0.0256
3,0,6,0.37,0.0607
3,0,7,0.371,0.0624
3,0,8,0.381,0.0218
3,0,9,0.378,0.0226
3,0,10,0.373,0.0489
3,0,11,0.371,0.0544
3,0,12,0.371,0.0624
3,0,13,0.371,0.0592
3,0,14,0.374,0.0452
3,0,15,0.374,0.0447
3,0,16,0.372,0.0519
3,0,17,0.371,0.0642
3,0,18,0.373,0.0565
3,0,19,0.369,0.0651
3,0,20,0.372,0.056
3,0,21,0.378,0.0295
3,0,22,0.38,0.0298
3,0,23,0.37,0.07
3,0,24,0.371,0.0597
3,0,25,0.374,0.0504
3,0,26,0.372,0.0528
3,0,27,0.373,0.0519
3,0,28,0.371,0.0558
3,0,29,0.377,0.0318
3,0,30,0.376,0.0288
3,0,31,0.374,0.0472
3,0,32,0.369,0.0603
3,0,33,0.375,0.0469
3,0,34,0.377,0.0234
3,0,35,0.374,0.0498
3,0,36,0.374,0.0476
3,0,37,0.378,0.028
3,0,38,0.373,0.0458
3,0,39,0.37,0.0631
3,0,40,0.378,0.0228
3,0,41,0.369,0.0657
3,0,42,0.373,0.0494
3,0,43,0.374,0.0463
3,0,44,0.37,0.062
3,0,45,0.367,0.0628
3,0,46,0.37,0.07
3,0,47,0.371,0.0542
3,0,48,0.369,0.0706
3,0,49,0.371,0.0535
4,2,0,0.355,0.134
4,2,1,0.368,0.079
4,2,2,0.356,0.1344
4,2,3,0.366,0.0769
4,2,4,0.368,0.0702
4,2,5,0.356,0.12
4,2,6,0.359,0.12
4,2,7,0.356,0.1357
4,2,8,0.366,0.086
4,2,9,0.36,0.1265
4,2,10,0.371,0.0524
4,2,11,0.36,0.1052
4,2,12,0.36,0.1065
4,2,13,0.375,0.0344
4,2,14,0.36,0.12
4,2,15,0.368,0.076
4,2,16,0.353,0.149
4,2,17,0.367,0.0826
4,2,18,0.355,0.1382
4,2,19,0.367,0.0745
4,2,20,0.354,0.1477
4,2,21,0.363,0.0932
4,2,22,0.359,0.1128
4,2,23,0.357,0.1273
4,2,24,0.351,0.154
4,2,25,0.362,0.0924
4,2,26,0.366,0.0798
4,2,27,0.351,0.1468
4,2,28,0.357,0.1157
4,2,29,0.364,0.0896
4,2,30,0.356,0.128
4,2,31,0.36,0.1
4,2,32,0.357,0.1268
4,2,33,0.358,0.122
4,2,34,0.353,0.1497
4,2,35,0.368,0.0696
4,2,36,0.353,0.1458
4,2,37,0.354,0.1373
4,2,38,0.356,0.134
4,2,39,0.352,0.154
4,2,40,0.373,0.0524
4,2,41,0.359,0.12
4,2,42,0.359,0.12
4,2,43,0.357,0.1316
4,2,44,0.375,0.0369
4,2,45,0.365,0.0952
4,2,46,0.364,0.091
4,2,47,0.359,0.1208
4,2,48,0.355,0.1344
4,2,49,0.358,0.127
4,3,0,0.346,0.184
4,3,1,0.35,0.167
4,3,2,0.357,0.126
4,3,3,0.356,0.1323
4,3,4,0.364,0.0809
4,3,5,0.347,0.184
4,3,6,0.35,0.168
4,3,7,0.361,0.1043
4,3,8,0.348,0.1721
4,3,9,0.358,0.1269
4,3,10,0.347,0.1733
4,3,11,0.363,0.092
4,3,12,0.36,0.1113
4,3,13,0.358,0.1226
4,3,14,0.362,0.1085
4,3,15,0.359,0.1142
4,3,16,0.346,0.184
4,3,17,0.358,0.1216
4,3,18,0.35,0.1595
4,3,19,0.354,0.1518
4,3,20,0.362,0.1037
4,3,21,0.353,0.1454
4,3,22,0.358,0.1284
4,3,23,0.348,0.1808
4,3,24,0.349,0.1693
4,3,25,0.358,0.1162
4,3,26,0.346,0.1777
4,3,27,0.35,0.1668
4,3,28,0.348,0.1725
4,3,29,0.358,0.1301
4,3,30,0.354,0.141
4,3,31,0.356,0.13
4,3,32,0.347,0.1748
4,3,33,0.348,0.1776
4,3,34,0.361,0.1007
4,3,35,0.346,0.184
4,3,36,0.354,0.1546
4,3,37,0.346,0.1772
4,3,38,0.346,0.1807
4,3,39,0.356,0.1245
4,3,40,0.348,0.1776
4,3,41,0.357,0.1357
4,3,42,0.356,0.1414
4,3,43,0.351,0.1608
4,3,44,0.354,0.1365
4,3,45,0.347,0.1792
4,3,46,0.355,0.142
4,3,47,0.35,0.1672
4,3,48,0.347,0.1782
4,3,49,0.364,0.0912
4,1,0,0.372,0.0614
4,1,1,0.374,0.0443
4,1,2,0.376,0.032
4,1,3,0.374,0.0465
4,1,4,0.378,0.0279
4,1,5,0.372,0.0629
4,1,6,0.375,0.0485
4,1,7,0.371,0.0673
4,1,8,0.37,0.0663
4,1,9,0.376,0.0397
4,1,10,0.37,0.0632
4,1,11,0.368,0.0736
4,1,12,0.368,0.0747
4,1,13,0.372,0.052
4,1,14,0.377,0.0312
4,1,15,0.376,0.038
4,1,16,0.369,0.071
4,1,17,0.373,0.04
4,1,18,0.37,0.0591
4,1,19,0.371,0.0612
4,1,20,0.369,0.0637
4,1,21,0.378,0.032
4,1,22,0.376,0.032
4,1,23,0.37,0.0649
4,1,24,0.371,0.0564
4,1,25,0.373,0.0482
4,1,26,0.374,0.0523
4,1,27,0.365,0.0833
4,1,28,0.368,0.0693
4,1,29,0.377,0.028
4,1,30,0.371,0.0507
4,1,31,0.373,0.042
4,1,32,0.369,0.0661
4,1,33,0.375,0.0467
4,1,34,0.37,0.0668
4,1,35,0.374,0.0435
4,1,36,0.371,0.0596
4,1,37,0.372,0.055
4,1,38,0.371,0.0634
4,1,39,0.37,0.062
4,1,40,0.367,0.082
4,1,41,0.376,0.032
4,1,42,0.371,0.0593
4,1,43,0.371,0.0588
4,1,44,0.374,0.0377
4,1,45,0.37,0.06
4,1,46,0.368,0.0637
4,1,47,0.372,0.0467
4,1,48,0.371,0.0592
4,1,49,0.375,0.0269
5,2,0,0.361,0.12
5,2,1,0.353,0.148
5,2,2,0.364,0.0941
5,2,3,0.367,0.0793
5,2,4,0.358,0.12
5,2,5,0.355,0.136
5,2,6,0.351,0.1529
5,2,7,0.358,0.12
5,2,8,0.359,0.1098
5,2,9,0.358,0.12
5,2,10,0.359,0.12
5,2,11,0.354,0.1357
5,2,12,0.358,0.12
5,2,13,0.358,0.1273
5,2,14,0.356,0.135
5,2,15,0.357,0.126
5,2,16,0.354,0.138
5,2,17,0.363,0.0944
5,2,18,0.357,0.1265
5,2,19,0.371,0.0493
5,2,20,0.352,0.1485
5,2,21,0.357,0.1265
5,2,22,0.352,0.148
5,2,23,0.358,0.1244
5,2,24,0.366,0.0704
5,2,25,0.358,0.126
5,2,26,0.366,0.0824
5,2,27,0.357,0.1273
5,2,28,0.367,0.0816
5,2,29,0.357,0.12
5,2,30,0.359,0.12
5,2,31,0.358,0.1161
5,2,32,0.362,0.1061
5,2,33,0.351,0.152
5,2,34,0.368,0.0714
5,2,35,0.357,0.1269
5,2,36,0.358,0.12
5,2,37,0.359,0.12
5,2,38,0.359,0.1206
5,2,39,0.352,0.148
5,2,40,0.368,0.0744
5,2,41,0.361,0.1008
5,2,42,0.367,0.0812
5,2,43,0.356,0.1341
5,2,44,0.368,0.0744
5,2,45,0.353,0.1477
5,2,46,0.351,0.1456
5,2,47,0.357,0.12
5,2,48,0.356,0.1345
5,2,49,0.36,0.123
5,1,0,0.378,0.0269
5,1,1,0.373,0.0519
5,1,2,0.374,0.0491
5,1,3,0.374,0.04
5,1,4,0.368,0.0637
5,1,5,0.377,0.0296
5,1,6,0.375,0.04
5,1,7,0.365,0.0776
5,1,8,0.37,0.0685
5,1,9,0.37,0.0692
5,1,10,0.377,0.032
5,1,11,0.37,0.0642
5,1,12,0.368,0.0661
5,1,13,0.37,0.0664
5,1,14,0.37,0.0576
5,1,15,0.372,0.0528
5,1,16,0.375,0.0456
5,1,17,0.37,0.0624
5,1,18,0.37,0.0649
5,1,19,0.369,0.0797
5,1,20,0.376,0.0341
5,1,21,0.37,0.0604
5,1,22,0.37,0.0592
5,1,23,0.365,0.0829
5,1,24,0.367,0.0768
5,1,25,0.376,0.032
5,1,26,0.367,0.0736
5,1,27,0.372,0.0597
5,1,28,0.375,0.032
5,1,29,0.373,0.05
5,1,30,0.373,0.0453
5,1,31,0.37,0.0674
5,1,32,0.378,0.032
5,1,33,0.37,0.0612
5,1,34,0.369,0.074
5,1,35,0.376,0.04
5,1,36,0.367,0.0744
5,1,37,0.367,0.0808
5,1,38,0.368,0.0689
5,1,39,0.368,0.064
5,1,40,0.368,0.0672
5,1,41,0.368,0.064
5,1,42,0.373,0.0538
5,1,43,0.371,0.0572
5,1,44,0.373,0.0444
5,1,45,0.372,0.05
5,1,46,0.372,0.0605
5,1,47,0.373,0.05
5,1,48,0.366,0.08
5,1,49,0.37,0.051
5,3,0,0.346,0.184
5,3,1,0.36,0.1109
5,3,2,0.351,0.1525
5,3,3,0.357,0.1227
5,3,4,0.36,0.1148
5,3,5,0.354,0.142
5,3,6,0.349,0.1656
5,3,7,0.35,0.1676
5,3,8,0.351,0.1557
5,3,9,0.352,0.152
5,3,10,0.354,0.144
5,3,11,0.345,0.184
5,3,12,0.357,0.1268
5,3,13,0.352,0.1561
5,3,14,0.354,0.1473
5,3,15,0.357,0.1408
5,3,16,0.36,0.1254
5,3,17,0.36,0.1145
5,3,18,0.348,0.1733
5,3,19,0.361,0.1162
5,3,20,0.347,0.1674
5,3,21,0.353,0.1444
5,3,22,0.346,0.176
5,3,23,0.346,0.1784
5,3,24,0.351,0.1565
5,3,25,0.36,0.1117
5,3,26,0.366,0.0885
5,3,27,0.364,0.0968
5,3,28,0.351,0.1493
5,3,29,0.346,0.184
5,3,30,0.347,0.1737
5,3,31,0.358,0.1281
5,3,32,0.352,0.1469
5,3,33,0.355,0.1435
5,3,34,0.347,0.176
5,3,35,0.36,0.1112
5,3,36,0.362,0.102
5,3,37,0.353,0.1464
5,3,38,0.357,0.1322
5,3,39,0.352,0.1656
5,3,40,0.348,0.1732
5,3,41,0.351,0.1595
5,3,42,0.358,0.1174
5,3,43,0.36,0.1195
5,3,44,0.349,0.1636
5,3,45,0.364,0.0894
5,3,46,0.357,0.1338
5,3,47,0.36,0.1084
5,3,48,0.352,0.1528
5,3,49,0.36,0.115
1,1,0,0.605,0.0925
1,1,1,0.62,0.1619
1,1,2,0.61,0.1239
1,1,3,0.601,0.2783
1,1,4,0.603,0.2329
1,1,5,0.603,0.2438
1,1,6,0.595,0.2566
1,1,7,0.604,0.1598
1,1,8,0.611,0.1726
1,1,9,0.623,0.1755
1,1,10,0.616,0.1912
1,1,11,0.61,0.2146
1,1,12,0.613,0.1855
1,1,13,0.616,0.0813
1,1,14,0.606,0.1282
1,1,15,0.607,0.1452
1,1,16,0.617,0.127
1,1,17,0.61,0.1342
1,1,18,0.615,0.18
1,1,19,0.611,0.1069
1,1,20,0.618,0.1905
1,1,21,0.609,0.1736
1,1,22,0.609,0.23
1,1,23,0.615,0.2422
1,1,24,0.625,0.0812
1,1,25,0.603,0.1749
1,1,26,0.631,0.0529
1,1,27,0.615,0.1144
1,1,28,0.603,0.2484
1,1,29,0.608,0.1492
1,1,30,0.622,0.1741
1,1,31,0.598,0.1585
1,1,32,0.622,0.1924
1,1,33,0.609,0.1924
1,1,34,0.613,0.2108
1,1,35,0.615,0.0576
1,1,36,0.609,0.1719
1,1,37,0.614,0.2314
1,1,38,0.601,0.246
1,1,39,0.604,0.2422
1,1,40,0.617,0.0434
1,1,41,0.62,0.226
1,1,42,0.625,0.1944
1,1,43,0.606,0.1998
1,1,44,0.607,0.2585
1,1,45,0.594,0.3002
1,1,46,0.607,0.23
1,1,47,0.618,0.0563
1,1,48,0.607,0.1862
1,1,49,0.611,0.1957
1,4,0,0.615,0.0452
1,4,1,0.612,0.112
1,4,2,0.605,0.069
1,4,3,0.602,0.2674
1,4,4,0.61,0.2482
1,4,5,0.622,0.1163
1,4,6,0.623,0.0798
1,4,7,0.632,0.0201
1,4,8,0.621,0.0456
1,4,9,0.623,0.1281
1,4,10,0.619,0.2061
1,4,11,0.609,0.2193
1,4,12,0.609,0.1175
1,4,13,0.603,0.1841
1,4,14,0.621,0.1294
1,4,15,0.616,0.1625
1,4,16,0.609,0.1334
1,4,17,0.617,0.0855
1,4,18,0.603,0.2811
1,4,19,0.599,0.0686
1,4,20,0.618,0.0687
1,4,21,0.6,0.2747
1,4,22,0.62,0.0488
1,4,23,0.61,0.112
1,4,24,0.605,0.2066
1,4,25,0.611,0.1107
1,4,26,0.617,0.0625
1,4,27,0.611,0.1778
1,4,28,0.612,0.083
1,4,29,0.603,0.164
1,4,30,0.618,0.1381
1,4,31,0.62,0.1791
1,4,32,0.602,0.1199
1,4,33,0.61,0.1799
1,4,34,0.612,0.1454
1,4,35,0.603,0.212
1,4,36,0.618,0.1131
1,4,37,0.63,0.0622
1,4,38,0.627,0.1711
1,4,39,0.615,0.1293
1,4,40,0.604,0.1719
1,4,41,0.617,0.0386
1,4,42,0.604,0.0966
1,4,43,0.609,0.1513
1,4,44,0.613,0.2243
1,4,45,0.6,0.0612
1,4,46,0.602,0.2265
1,4,47,0.607,0.25
1,4,48,0.601,0.2265
1,4,49,0.629,0.1404
1,2,0,0.625,0.0856
1,2,1,0.613,0.1453
1,2,2,0.597,0.1141
1,2,3,0.607,0.1484
1,2,4,0.59,0.1046
1,2,5,0.618,0.0555
1,2,6,0.598,0.2736
1,2,7,0.606,0.1403
1,2,8,0.598,0.1468
1,2,9,0.608,0.0567
1,2,10,0.624,0.0269
1,2,11,0.614,0.1824
1,2,12,0.611,0.0851
1,2,13,0.612,0.1049
1,2,14,0.606,0.1381
1,2,15,0.618,0.1842
1,2,16,0.61,0.2236
1,2,17,0.614,0.0657
1,2,18,0.604,0.2415
1,2,19,0.613,0.0251
1,2,20,0.604,0.2076
1,2,21,0.61,0.2208
1,2,22,0.601,0.2241
1,2,23,0.615,0.1815
1,2,24,0.618,0.1564
1,2,25,0.609,0.0645
1,2,26,0.615,0.1197
1,2,27,0.61,0.1518
1,2,28,0.609,0.09
1,2,29,0.615,0.1629
1,2,30,0.612,0.0781
1,2,31,0.615,0.0885
1,2,32,0.604,0.1422
1,2,33,0.625,0.0676
1,2,34,0.609,0.2411
1,2,35,0.608,0.1622
1,2,36,0.608,0.0634
1,2,37,0.606,0.2005
1,2,38,0.601,0.1791
1,2,39,0.611,0.2394
1,2,40,0.613,0.1593
1,2,41,0.609,0.1863
1,2,42,0.615,0.1037
1,2,43,0.609,0.1084
1,2,44,0.613,0.1507
1,2,45,0.615,0.1468
1,2,46,0.61,0.047
1,2,47,0.6,0.1666
1,2,48,0.601,0.2689
1,2,49,0.626,0.0224
2,1,0,0.631,0.1509
2,1,1,0.609,0.2059
2,1,2,0.609,0.1356
2,1,3,0.606,0.2797
2,1,4,0.601,0.2739
2,1,5,0.61,0.2342
2,1,6,0.607,0.1891
2,1,7,0.627,0.1375
2,1,8,0.616,0.0739
2,1,9,0.607,0.1447
2,1,10,0.604,0.1791
2,1,11,0.605,0.1927
2,1,12,0.609,0.0645
2,1,13,0.61,0.1916
2,1,14,0.629,0.1014
2,1,15,0.6,0.1824
2,1,16,0.611,0.2154
2,1,17,0.605,0.1678
2,1,18,0.617,0.0486
2,1,19,0.619,0.147
2,1,20,0.626,0.1534
2,1,21,0.61,0.1799
2,1,22,0.609,0.1841
2,1,23,0.622,0.1461
2,1,24,0.616,0.1654
2,1,25,0.613,0.2189
2,1,26,0.611,0.1336
2,1,27,0.61,0.1429
2,1,28,0.616,0.1155
2,1,29,0.615,0.1479
2,1,30,0.615,0.1529
2,1,31,0.61,0.1584
2,1,32,0.607,0.182
2,1,33,0.614,0.1048
2,1,34,0.619,0.0556
2,1,35,0.615,0.1732
2,1,36,0.618,0.1699
2,1,37,0.61,0.1999
2,1,38,0.606,0.0748
2,1,39,0.61,0.0895
2,1,40,0.611,0.1702
2,1,41,0.603,0.2831
2,1,42,0.614,0.1644
2,1,43,0.615,0.1819
2,1,44,0.605,0.1841
2,1,45,0.606,0.155
2,1,46,0.627,0.0806
2,1,47,0.614,0.1403
2,1,48,0.601,0.1627
2,1,49,0.624,0.0303
2,3,0,0.613,0.2191
2,3,1,0.599,0.1055
2,3,2,0.608,0.1447
2,3,3,0.606,0.1779
2,3,4,0.607,0.1325
2,3,5,0.61,0.0809
2,3,6,0.61,0.1398
2,3,7,0.614,0.1403
2,3,8,0.619,0.1551
2,3,9,0.611,0.1154
2,3,10,0.608,0.2603
2,3,11,0.604,0.1403
2,3,12,0.598,0.2778
2,3,13,0.597,0.2196
2,3,14,0.6,0.2074
2,3,15,0.602,0.2304
2,3,16,0.613,0.0525
2,3,17,0.608,0.2025
2,3,18,0.61,0.0679
2,3,19,0.607,0.161
2,3,20,0.616,0.1791
2,3,21,0.61,0.1486
2,3,22,0.615,0.0688
2,3,23,0.63,0.0812
2,3,24,0.62,0.0519
2,3,25,0.602,0.1398
2,3,26,0.605,0.1861
2,3,27,0.602,0.2734
2,3,28,0.614,0.1304
2,3,29,0.618,0.2382
2,3,30,0.611,0.1841
2,3,31,0.622,0.156
2,3,32,0.609,0.1902
2,3,33,0.604,0.1528
2,3,34,0.607,0.1583
2,3,35,0.61,0.1821
2,3,36,0.614,0.0688
2,3,37,0.601,0.2154
2,3,38,0.601,0.11
2,3,39,0.609,0.1841
2,3,40,0.616,0.1143
2,3,41,0.597,0.2452
2,3,42,0.604,0.2423
2,3,43,0.599,0.1839
2,3,44,0.625,0.1865
2,3,45,0.607,0.1518
2,3,46,0.604,0.1841
2,3,47,0.608,0.1929
2,3,48,0.608,0.2237
2,3,49,0.602,0.2168
2,4,0,0.623,0.0915
2,4,1,0.616,0.0631
2,4,2,0.609,0.1825
2,4,3,0.622,0.1391
2,4,4,0.604,0.1381
2,4,5,0.61,0.0244
2,4,6,0.626,0.0773
2,4,7,0.609,0.0694
2,4,8,0.613,0.1574
2,4,9,0.627,0.153
2,4,10,0.622,0.1271
2,4,11,0.623,0.1743
2,4,12,0.607,0.151
2,4,13,0.604,0.1791
2,4,14,0.625,0.1791
2,4,15,0.62,0.0387
2,4,16,0.611,0.1112
2,4,17,0.624,0.122
2,4,18,0.611,0.0972
2,4,19,0.607,0.2307
2,4,20,0.602,0.0775
2,4,21,0.616,0.1377
2,4,22,0.606,0.1376
2,4,23,0.607,0.0519
2,4,24,0.611,0.0757
2,4,25,0.611,0.0459
2,4,26,0.63,0.1085
2,4,27,0.612,0.1427
2,4,28,0.616,0.1289
2,4,29,0.606,0.1648
2,4,30,0.608,0.2786
2,4,31,0.601,0.276
2,4,32,0.604,0.1649
2,4,33,0.614,0.2243
2,4,34,0.606,0.2451
2,4,35,0.605,0.1128
2,4,36,0.596,0.1954
2,4,37,0.611,0.0694
2,4,38,0.603,0.1623
2,4,39,0.623,0.0937
2,4,40,0.604,0.2836
2,4,41,0.606,0.1185
2,4,42,0.607,0.2308
2,4,43,0.613,0.2038
2,4,44,0.61,0.1386
2,4,45,0.616,0.0612
2,4,46,0.607,0.1376
2,4,47,0.612,0.2127
2,4,48,0.618,0.0336
2,4,49,0.607,0.2565
3,0,0,0.606,0.1626
3,0,1,0.599,0.1744
3,0,2,0.616,0.0256
3,0,3,0.6,0.1841
3,0,4,0.607,0.1908
3,0,5,0.616,0.1885
3,0,6,0.618,0.168
3,0,7,0.617,0.1797
3,0,8,0.619,0.2164
3,0,9,0.614,0.2155
3,0,10,0.614,0.0595
3,0,11,0.607,0.0596
3,0,12,0.601,0.1265
3,0,13,0.606,0.1801
3,0,14,0.608,0.2005
3,0,15,0.596,0.1214
3,0,16,0.615,0.1944
3,0,17,0.608,0.0428
3,0,18,0.608,0.1912
3,0,19,0.613,0.1608
3,0,20,0.625,0.0959
3,0,21,0.62,0.0202
3,0,22,0.603,0.2298
3,0,23,0.609,0.2161
3,0,24,0.609,0.2293
3,0,25,0.61,0.1906
3,0,26,0.615,0.0619
3,0,27,0.629,0.0962
3,0,28,0.614,0.1265
3,0,29,0.623,0.0522
3,0,30,0.621,0.131
3,0,31,0.612,0.1804
3,0,32,0.611,0.0874
3,0,33,0.612,0.0468
3,0,34,0.609,0.1076
3,0,35,0.616,0.2449
3,0,36,0.6,0.1797
3,0,37,0.615,0.0566
3,0,38,0.611,0.0468
3,0,39,0.613,0.1841
3,0,40,0.606,0.263
3,0,41,0.619,0.181
3,0,42,0.605,0.1839
3,0,43,0.618,0.1448
3,0,44,0.62,0.1636
3,0,45,0.602,0.0597
3,0,46,0.604,0.1111
3,0,47,0.6,0.2446
3,0,48,0.611,0.0919
3,0,49,0.612,0.2164
3,2,0,0.628,0.0279
3,2,1,0.614,0.083
3,2,2,0.612,0.1518
3,2,3,0.614,0.1782
3,2,4,0.609,0.0551
3,2,5,0.636,0.0392
3,2,6,0.635,0.0625
3,2,7,0.606,0.2112
3,2,8,0.61,0.2304
3,2,9,0.605,0.2593
3,2,10,0.609,0.1885
3,2,11,0.596,0.2621
3,2,12,0.616,0.134
3,2,13,0.615,0.1934
3,2,14,0.598,0.2135
3,2,15,0.596,0.2517
3,2,16,0.611,0.1777
3,2,17,0.617,0.1538
3,2,18,0.605,0.1623
3,2,19,0.623,0.153
3,2,20,0.599,0.2608
3,2,21,0.607,0.1424
3,2,22,0.619,0.1651
3,2,23,0.618,0.1185
3,2,24,0.616,0.0302
3,2,25,0.612,0.1422
3,2,26,0.611,0.0679
3,2,27,0.594,0.2917
3,2,28,0.607,0.1585
3,2,29,0.608,0.11
3,2,30,0.615,0.0798
3,2,31,0.596,0.1862
3,2,32,0.619,0.0898
3,2,33,0.611,0.2446
3,2,34,0.6,0.071
3,2,35,0.604,0.0976
3,2,36,0.615,0.1375
3,2,37,0.609,0.2386
3,2,38,0.607,0.2039
3,2,39,0.632,0.1696
3,2,40,0.609,0.2396
3,2,41,0.609,0.1713
3,2,42,0.62,0.1468
3,2,43,0.595,0.1609
3,2,44,0.61,0.0647
3,2,45,0.596,0.2755
3,2,46,0.626,0.1364
3,2,47,0.625,0.1824
3,2,48,0.617,0.1002
3,2,49,0.619,0.0854
3,4,0,0.621,0.0764
3,4,1,0.611,0.128
3,4,2,0.618,0.1649
3,4,3,0.606,0.1599
3,4,4,0.606,0.2792
3,4,5,0.616,0.1815
3,4,6,0.606,0.2572
3,4,7,0.614,0.1822
3,4,8,0.62,0.0679
3,4,9,0.609,0.1185
3,4,10,0.603,0.1699
3,4,11,0.621,0.1785
3,4,12,0.602,0.1526
3,4,13,0.613,0.1675
3,4,14,0.627,0.0936
3,4,15,0.615,0.1791
3,4,16,0.629,0.0816
3,4,17,0.601,0.1974
3,4,18,0.616,0.1161
3,4,19,0.609,0.1862
3,4,20,0.61,0.2214
3,4,21,0.607,0.0806
3,4,22,0.629,0.1132
3,4,23,0.611,0.0905
3,4,24,0.613,0.0715
3,4,25,0.595,0.2858
3,4,26,0.611,0.04
3,4,27,0.613,0.1412
3,4,28,0.606,0.1963
3,4,29,0.638,0.0309
3,4,30,0.594,0.2834
3,4,31,0.603,0.2042
3,4,32,0.612,0.0651
3,4,33,0.611,0.2331
3,4,34,0.61,0.2321
3,4,35,0.606,0.1167
3,4,36,0.618,0.2061
3,4,37,0.604,0.2557
3,4,38,0.61,0.1131
3,4,39,0.609,0.0993
3,4,40,0.605,0.1791
3,4,41,0.615,0.0437
3,4,42,0.605,0.167
3,4,43,0.612,0.1648
3,4,44,0.597,0.2172
3,4,45,0.616,0.1403
3,4,46,0.596,0.1791
3,4,47,0.61,0.1474
3,4,48,0.619,0.0817
3,4,49,0.608,0.0318
4,0,0,0.61,0.1403
4,0,1,0.6,0.1322
4,0,2,0.614,0.1767
4,0,3,0.614,0.2289
4,0,4,0.602,0.2049
4,0,5,0.603,0.0624
4,0,6,0.593,0.2016
4,0,7,0.614,0.0595
4,0,8,0.622,0.1193
4,0,9,0.61,0.0673
4,0,10,0.613,0.0997
4,0,11,0.615,0.0321
4,0,12,0.611,0.138
4,0,13,0.607,0.2573
4,0,14,0.606,0.1376
4,0,15,0.612,0.2279
4,0,16,0.621,0.0935
4,0,17,0.622,0.2086
4,0,18,0.605,0.2005
4,0,19,0.612,0.2213
4,0,20,0.621,0.1454
4,0,21,0.606,0.1381
4,0,22,0.603,0.1491
4,0,23,0.625,0.0591
4,0,24,0.61,0.1767
4,0,25,0.624,0.1633
4,0,26,0.618,0.0588
4,0,27,0.614,0.1734
4,0,28,0.618,0.216
4,0,29,0.603,0.1839
4,0,30,0.616,0.1199
4,0,31,0.611,0.1229
4,0,32,0.592,0.2961
4,0,33,0.613,0.1342
4,0,34,0.604,0.165
4,0,35,0.595,0.2964
4,0,36,0.612,0.259
4,0,37,0.609,0.2699
4,0,38,0.611,0.167
4,0,39,0.61,0.1136
4,0,40,0.624,0.1877
4,0,41,0.607,0.0765
4,0,42,0.609,0.1001
4,0,43,0.604,0.1893
4,0,44,0.608,0.2813
4,0,45,0.592,0.2616
4,0,46,0.604,0.073
4,0,47,0.608,0.1339
4,0,48,0.615,0.1045
4,0,49,0.599,0.2412
4,4,0,0.615,0.0633
4,4,1,0.607,0.0747
4,4,2,0.627,0.1755
4,4,3,0.618,0.1121
4,4,4,0.601,0.0919
4,4,5,0.607,0.1752
4,4,6,0.607,0.1237
4,4,7,0.621,0.0932
4,4,8,0.597,0.2089
4,4,9,0.614,0.2031
4,4,10,0.613,0.2226
4,4,11,0.605,0.1124
4,4,12,0.609,0.1511
4,4,13,0.611,0.1255
4,4,14,0.626,0.104
4,4,15,0.601,0.2533
4,4,16,0.611,0.2237
4,4,17,0.616,0.1777
4,4,18,0.621,0.1355
4,4,19,0.607,0.0871
4,4,20,0.594,0.1927
4,4,21,0.62,0.1835
4,4,22,0.609,0.1083
4,4,23,0.61,0.2369
4,4,24,0.615,0.0455
4,4,25,0.624,0.041
4,4,26,0.614,0.0557
4,4,27,0.607,0.1383
4,4,28,0.607,0.147
4,4,29,0.608,0.1687
4,4,30,0.598,0.2697
4,4,31,0.621,0.1629
4,4,32,0.61,0.1643
4,4,33,0.599,0.166
4,4,34,0.61,0.1426
4,4,35,0.616,0.1483
4,4,36,0.607,0.1359
4,4,37,0.606,0.153
4,4,38,0.609,0.2066
4,4,39,0.614,0.2005
4,4,40,0.611,0.0921
4,4,41,0.617,0.0342
4,4,42,0.61,0.228
4,4,43,0.614,0.1138
4,4,44,0.609,0.0829
4,4,45,0.604,0.1969
4,4,46,0.605,0.2005
4,4,47,0.608,0.191
4,4,48,0.612,0.2285
4,4,49,0.619,0.181
4,2,0,0.615,0.0531
4,2,1,0.62,0.1026
4,2,2,0.6,0.1486
4,2,3,0.612,0.0692
4,2,4,0.609,0.156
4,2,5,0.617,0.2043
4,2,6,0.616,0.2107
4,2,7,0.616,0.207
4,2,8,0.604,0.0769
4,2,9,0.603,0.1943
4,2,10,0.62,0.203
4,2,11,0.609,0.088
4,2,12,0.606,0.0565
4,2,13,0.611,0.2062
4,2,14,0.611,0.1084
4,2,15,0.602,0.1726
4,2,16,0.618,0.1798
4,2,17,0.617,0.0459
4,2,18,0.611,0.1757
4,2,19,0.617,0.1251
4,2,20,0.623,0.0726
4,2,21,0.6,0.2729
4,2,22,0.609,0.151
4,2,23,0.617,0.2103
4,2,24,0.636,0.0432
4,2,25,0.596,0.1117
4,2,26,0.596,0.1671
4,2,27,0.607,0.0969
4,2,28,0.614,0.0422
4,2,29,0.613,0.1799
4,2,30,0.609,0.2005
4,2,31,0.609,0.0674
4,2,32,0.605,0.083
4,2,33,0.616,0.1799
4,2,34,0.613,0.0636
4,2,35,0.618,0.1864
4,2,36,0.599,0.1879
4,2,37,0.619,0.13
4,2,38,0.596,0.1609
4,2,39,0.617,0.2077
4,2,40,0.612,0.1253
4,2,41,0.612,0.2053
4,2,42,0.612,0.023
4,2,43,0.608,0.1892
4,2,44,0.617,0.159
4,2,45,0.598,0.2621
4,2,46,0.615,0.1454
4,2,47,0.614,0.132
4,2,48,0.607,0.0976
4,2,49,0.612,0.039
5,1,0,0.607,0.1886
5,1,1,0.61,0.1631
5,1,2,0.594,0.2151
5,1,3,0.605,0.2494
5,1,4,0.595,0.2189
5,1,5,0.608,0.0529
5,1,6,0.606,0.2551
5,1,7,0.616,0.0558
5,1,8,0.615,0.156
5,1,9,0.603,0.131
5,1,10,0.606,0.2709
5,1,11,0.612,0.1957
5,1,12,0.609,0.1101
5,1,13,0.599,0.1094
5,1,14,0.604,0.1653
5,1,15,0.607,0.2395
5,1,16,0.611,0.137
5,1,17,0.617,0.0392
5,1,18,0.622,0.1507
5,1,19,0.615,0.1337
5,1,20,0.608,0.1904
5,1,21,0.598,0.2637
5,1,22,0.615,0.1912
5,1,23,0.604,0.1796
5,1,24,0.617,0.1034
5,1,25,0.611,0.0994
5,1,26,0.618,0.1699
5,1,27,0.609,0.2403
5,1,28,0.613,0.2337
5,1,29,0.613,0.1529
5,1,30,0.621,0.0927
5,1,31,0.63,0.0398
5,1,32,0.614,0.1934
5,1,33,0.624,0.1129
5,1,34,0.599,0.2662
5,1,35,0.615,0.195
5,1,36,0.607,0.2491
5,1,37,0.614,0.1631
5,1,38,0.623,0.05
5,1,39,0.61,0.0971
5,1,40,0.605,0.2572
5,1,41,0.617,0.05
5,1,42,0.601,0.0896
5,1,43,0.61,0.0766
5,1,44,0.627,0.1573
5,1,45,0.604,0.0748
5,1,46,0.612,0.0427
5,1,47,0.625,0.1944
5,1,48,0.604,0.2766
5,1,49,0.608,0.1511
5,0,0,0.611,0.058
5,0,1,0.605,0.271
5,0,2,0.626,0.1483
5,0,3,0.603,0.1684
5,0,4,0.63,0.0813
5,0,5,0.623,0.1635
5,0,6,0.604,0.191
5,0,7,0.61,0.1688
5,0,8,0.601,0.1877
5,0,9,0.614,0.0922
5,0,10,0.619,0.191
5,0,11,0.607,0.1967
5,0,12,0.609,0.1447
5,0,13,0.614,0.0963
5,0,14,0.604,0.1918
5,0,15,0.623,0.1929
5,0,16,0.614,0.1724
5,0,17,0.61,0.2213
5,0,18,0.611,0.142
5,0,19,0.609,0.2148
5,0,20,0.611,0.1011
5,0,21,0.61,0.1447
5,0,22,0.615,0.2245
5,0,23,0.606,0.1512
5,0,24,0.62,0.1552
5,0,25,0.62,0.1014
5,0,26,0.612,0.1883
5,0,27,0.608,0.1907
5,0,28,0.606,0.2202
5,0,29,0.618,0.2321
5,0,30,0.606,0.2005
5,0,31,0.602,0.2116
5,0,32,0.618,0.1726
5,0,33,0.61,0.1864
5,0,34,0.616,0.0595
5,0,35,0.612,0.1382
5,0,36,0.598,0.1101
5,0,37,0.612,0.0531
5,0,38,0.614,0.1944
5,0,39,0.619,0.0611
5,0,40,0.601,0.2071
5,0,41,0.601,0.1658
5,0,42,0.62,0.0853
5,0,43,0.621,0.0749
5,0,44,0.615,0.2449
5,0,45,0.607,0.1891
5,0,46,0.605,0.1665
5,0,47,0.604,0.1376
5,0,48,0.622,0.1149
5,0,49,0.618,0.1879
5,3,0,0.599,0.2176
5,3,1,0.607,0.0758
5,3,2,0.606,0.1032
5,3,3,0.618,0.05
5,3,4,0.607,0.1143
5,3,5,0.622,0.1382
5,3,6,0.615,0.2099
5,3,7,0.611,0.1743
5,3,8,0.597,0.2569
5,3,9,0.602,0.205
5,3,10,0.604,0.1012
5,3,11,0.61,0.1602
5,3,12,0.593,0.2888
5,3,13,0.609,0.1981
5,3,14,0.596,0.2692
5,3,15,0.616,0.1775
5,3,16,0.602,0.1909
5,3,17,0.605,0.1712
5,3,18,0.614,0.1385
5,3,19,0.614,0.034
5,3,20,0.597,0.0779
5,3,21,0.613,0.1289
5,3,22,0.601,0.188
5,3,23,0.608,0.13
5,3,24,0.633,0.0822
5,3,25,0.634,0.1061
5,3,26,0.624,0.0499
5,3,27,0.605,0.1861
5,3,28,0.608,0.0729
5,3,29,0.602,0.0619
5,3,30,0.624,0.0733
5,3,31,0.597,0.2901
5,3,32,0.6,0.2869
5,3,33,0.596,0.0996
5,3,34,0.617,0.0991
5,3,35,0.609,0.1894
5,3,36,0.611,0.1447
5,3,37,0.626,0.1438
5,3,38,0.605,0.1026
5,3,39,0.605,0.2688
5,3,40,0.605,0.2001
5,3,41,0.619,0.1108
5,3,42,0.606,0.2044
5,3,43,0.609,0.149
5,3,44,0.591,0.3009
5,3,45,0.607,0.1557
5,3,46,0.606,0.2258
5,3,47,0.61,0.1185
5,3,48,0.609,0.1598
5,3,49,0.613,0.0343
