round,client,step,reward,delay,energy,migration
1,1,0,-0.24477308306097983,0.1982,0.0925,1
1,1,1,-0.17941700211167336,0.0975,0.1619,1
1,1,2,-0.22710549874305724,0.1649,0.1239,1
1,1,3,-0.2249169196486473,0.0847,0.2783,1
1,1,4,-0.22746054589748382,0.1108,0.2329,1
1,1,5,-0.23149057257175443,0.1086,0.2438,1
1,1,6,-0.24643374137878418,0.1176,0.2566,1
1,1,7,-0.23891474522352218,0.158,0.1598,1
1,1,8,-0.21033195285797118,0.123,0.1726,1
1,1,9,-0.17513345682621,0.0864,0.1755,1
1,1,10,-0.19329116266965865,0.0967,0.1912,1
1,1,11,-0.20374547166824342,0.0953,0.2146,1
1,1,12,-0.204853395819664,0.111,0.1855,1
1,1,13,-0.2113009800583124,0.1712,0.0813,1
1,1,14,-0.23716907277703284,0.1734,0.1282,1
1,1,15,-0.22959624654054642,0.1559,0.1452,1
1,1,16,-0.19934687608480453,0.1354,0.127,1
1,1,17,-0.215994137775898,0.1491,0.1342,1
1,1,18,-0.19547239007949832,0.1044,0.18,1
1,1,19,-0.21651612744927407,0.1621,0.1069,1
1,1,20,-0.18176173269748688,0.086,0.1905,1
1,1,21,-0.21894982171058658,0.1312,0.1736,1
1,1,22,-0.20603413659334183,0.0903,0.23,1
1,1,23,-0.19090152139663694,0.0691,0.2422,1
1,1,24,-0.17591475648880003,0.1356,0.0812,1
1,1,25,-0.23227906470894813,0.1449,0.1749,1
1,1,26,-0.15915544374883175,0.133,0.0529,1
1,1,27,-0.2029695281505585,0.1461,0.1144,1
1,1,28,-0.2244701507806778,0.0996,0.2484,1
1,1,29,-0.22257539063692094,0.1469,0.1492,1
1,1,30,-0.17166738317012786,0.0844,0.1741,1
1,1,31,-0.25995460544228555,0.1804,0.1585,1
1,1,32,-0.17371144572496414,0.0767,0.1924,1
1,1,33,-0.21409029207229616,0.1174,0.1924,1
1,1,34,-0.19207270698547363,0.0862,0.2108,1
1,1,35,-0.2171626926243305,0.1891,0.0576,1
1,1,36,-0.2177848506987095,0.1307,0.1719,1
1,1,37,-0.19174695920944212,0.0755,0.2314,1
1,1,38,-0.225546956884861,0.1017,0.246,1
1,1,39,-0.22628644108772278,0.1039,0.2422,1
1,1,40,-0.21632244105935097,0.1956,0.0434,1
1,1,41,-0.17136558079719544,0.058,0.226,1
1,1,42,-0.16159259376525878,0.0636,0.1944,1
1,1,43,-0.22286956149339676,0.1228,0.1998,1
1,1,44,-0.21087435666918755,0.0812,0.2585,1
1,1,45,-0.24660690135955812,0.0953,0.3002,1
1,1,46,-0.2134248452425003,0.0973,0.23,1
1,1,47,-0.2006075245141983,0.1731,0.0563,1
1,1,48,-0.22151048083305358,0.1283,0.1862,1
1,1,49,-0.20740467533469198,0.1084,0.1957,1
1,4,0,-0.22036951854228976,0.1986,0.0452,1
1,4,1,-0.21962610511779784,0.1626,0.112,1
1,4,2,-0.24448807364702224,0.211,0.069,1
1,4,3,-0.22708033828735352,0.0927,0.2674,1
1,4,4,-0.20450810290575028,0.0792,0.2482,1
1,4,5,-0.18502145242094994,0.1265,0.1163,1
1,4,6,-0.19395926494598387,0.1532,0.0798,1
1,4,7,-0.16111191308498382,0.1515,0.0201,1
1,4,8,-0.19989705448150633,0.1764,0.0456,1
1,4,9,-0.17800654306411742,0.1131,0.1281,1
1,4,10,-0.17884262704253198,0.0748,0.2061,1
1,4,11,-0.20797227820158007,0.0974,0.2193,1
1,4,12,-0.2289195273369551,0.1705,0.1175,1
1,4,13,-0.2352807872593403,0.1422,0.1841,1
1,4,14,-0.18250650495290754,0.1178,0.1294,1
1,4,15,-0.19754622282981874,0.1162,0.1625,1
1,4,16,-0.2212761893987656,0.1539,0.1334,1
1,4,17,-0.2024981012374163,0.1602,0.0855,1
1,4,18,-0.21595321627855302,0.0743,0.2811,1
1,4,19,-0.26774270468950273,0.2346,0.0686,1
1,4,20,-0.2058259270131588,0.1715,0.0687,1
1,4,21,-0.23022017827033997,0.0917,0.2747,1
1,4,22,-0.1990979134440422,0.1751,0.0488,1
1,4,23,-0.2182319926738739,0.1626,0.112,1
1,4,24,-0.22075382019281387,0.1166,0.2066,1
1,4,25,-0.2226851511627436,0.1678,0.1107,1
1,4,26,-0.2053310811251402,0.1746,0.0625,1
1,4,27,-0.20675552153587343,0.1176,0.1778,1
1,4,28,-0.21207186430692676,0.171,0.083,1
1,4,29,-0.2369675665795803,0.1551,0.164,1
1,4,30,-0.1939452884852886,0.124,0.1381,1
1,4,31,-0.18644942492246627,0.0967,0.1791,1
1,4,32,-0.2523069664359092,0.1914,0.1199,1
1,4,33,-0.2129966670870781,0.1223,0.1799,1
1,4,34,-0.2149082568883896,0.1418,0.1454,1
1,4,35,-0.23135168838500977,0.1241,0.212,1
1,4,36,-0.1970758372545242,0.1397,0.1131,1
1,4,37,-0.15998341678977013,0.129,0.0622,1
1,4,38,-0.16038388693928718,0.074,0.1711,1
1,4,39,-0.20786805819869045,0.1423,0.1293,1
1,4,40,-0.23297928857207298,0.1459,0.1719,1
1,4,41,-0.21433002341985705,0.1956,0.0386,1
1,4,42,-0.24965919988155366,0.2003,0.0966,1
1,4,43,-0.22244475538134575,0.1469,0.1513,1
1,4,44,-0.19497192839384078,0.0817,0.2243,1
1,4,45,-0.25768299472332,0.2277,0.0612,1
1,4,46,-0.23619370815157892,0.122,0.2265,1
1,4,47,-0.2121301513314247,0.0863,0.25,1
1,4,48,-0.2358513191342354,0.122,0.2265,1
1,4,49,-0.15499752459526062,0.084,0.1404,1
1,2,0,-0.1810112708568573,0.1374,0.0856,1
1,2,1,-0.20560079569220543,0.1329,0.1453,1
1,2,2,-0.2668486089408398,0.2097,0.1141,1
1,2,3,-0.2218684980869293,0.1478,0.1484,1
1,2,4,-0.2887782978057861,0.2369,0.1046,1
1,2,5,-0.19852387040555475,0.1712,0.0555,1
1,2,6,-0.2394115838646889,0.1013,0.2736,1
1,2,7,-0.23033094397187234,0.1601,0.1403,1
1,2,8,-0.260152909219265,0.1871,0.1468,1
1,2,9,-0.23368032060563565,0.2059,0.0567,1
1,2,10,-0.18784356835484506,0.1748,0.0269,1
1,2,11,-0.19625456833839416,0.1049,0.1824,1
1,2,12,-0.22383492667078972,0.1803,0.0851,1
1,2,13,-0.21790089325308798,0.1657,0.1049,1
1,2,14,-0.23375483787059786,0.1642,0.1381,1
1,2,15,-0.17679487037658692,0.0837,0.1842,1
1,2,16,-0.2068762594461441,0.0948,0.2236,1
1,2,17,-0.21510766374170778,0.1827,0.0657,1
1,2,18,-0.21872639130949972,0.0968,0.2415,1
1,2,19,-0.2303699666261673,0.2186,0.0251,1
1,2,20,-0.22457086000442505,0.1204,0.2076,1
1,2,21,-0.2087729646086693,0.0973,0.2208,1
1,2,22,-0.2344332472324371,0.122,0.2241,1
1,2,23,-0.19346349033713342,0.1018,0.1815,1
1,2,24,-0.18920399551391603,0.1106,0.1564,1
1,2,25,-0.23291425296366214,0.2011,0.0645,1
1,2,26,-0.20565971437096595,0.1449,0.1197,1
1,2,27,-0.21100072944164275,0.1351,0.1518,1
1,2,28,-0.2322779383420944,0.1876,0.09,1
1,2,29,-0.20191942000985144,0.1204,0.1629,1
1,2,30,-0.2199450167030096,0.1813,0.0781,1
1,2,31,-0.20917891169786457,0.1647,0.0885,1
1,2,32,-0.23957367900013923,0.1688,0.1422,1
1,2,33,-0.18546658980846403,0.152,0.0676,1
1,2,34,-0.20564663333296776,0.084,0.2411,1
1,2,35,-0.2297758551597595,0.1485,0.1622,1
1,2,36,-0.23718564273118972,0.2062,0.0634,1
1,2,37,-0.21883581951260567,0.1185,0.2005,1
1,2,38,-0.23919795632362365,0.1495,0.1791,1
1,2,39,-0.19788551044464114,0.0777,0.2394,1
1,2,40,-0.20752948897480966,0.1279,0.1593,1
1,2,41,-0.2161733247101307,0.122,0.1863,1
1,2,42,-0.20953865243494513,0.1579,0.1037,1
1,2,43,-0.22554181566238402,0.1714,0.1084,1
1,2,44,-0.20832477390766144,0.1329,0.1507,1
1,2,45,-0.20022663971185684,0.1267,0.1468,1
1,2,46,-0.23418176447153088,0.2098,0.047,1
1,2,47,-0.2479763193130493,0.1647,0.1666,1
1,2,48,-0.22806301656365394,0.0923,0.2689,1
1,2,49,-0.1842111964702606,0.1736,0.0224,1
2,1,0,-0.1509229980826378,0.0747,0.1509,1
2,1,1,-0.21193260846734047,0.1087,0.2059,1
2,1,2,-0.21506438026428223,0.1461,0.1356,1
2,1,3,-0.209299136030674,0.0688,0.2797,1
2,1,4,-0.2233527418553829,0.0851,0.2739,1
2,1,5,-0.20428108084201813,0.086,0.2342,1
2,1,6,-0.21884733895659447,0.1241,0.1891,1
2,1,7,-0.15885520115494728,0.09,0.1375,1
2,1,8,-0.211281899780035,0.1733,0.0739,1
2,1,9,-0.2232290701031685,0.1511,0.1447,1
2,1,10,-0.23400408950448037,0.1433,0.1791,1
2,1,11,-0.22602683300971985,0.1295,0.1927,1
2,1,12,-0.22914537039399147,0.1977,0.0645,1
2,1,13,-0.20996243155002592,0.1132,0.1916,1
2,1,14,-0.16341915249824523,0.1128,0.1014,1
2,1,15,-0.24296105117797853,0.1512,0.1824,1
2,1,16,-0.19923631618022916,0.0905,0.2154,1
2,1,17,-0.22924508409500122,0.1445,0.1678,1
2,1,18,-0.21567664502859116,0.191,0.0486,1
2,1,19,-0.19412857332229613,0.1197,0.147,1
2,1,20,-0.16738037316799165,0.0906,0.1534,1
2,1,21,-0.21218310493826867,0.1222,0.1799,1
2,1,22,-0.22065131517648698,0.1286,0.1841,1
2,1,23,-0.17742348878383638,0.1043,0.1461,1
2,1,24,-0.19902658438682558,0.1153,0.1654,1
2,1,25,-0.19679536049365998,0.0862,0.2189,1
2,1,26,-0.21596781965494155,0.1493,0.1336,1
2,1,27,-0.22138820680975912,0.1495,0.1429,1
2,1,28,-0.20912849512696266,0.1515,0.1155,1
2,1,29,-0.19569302706420422,0.1218,0.1479,1
2,1,30,-0.20125799730420113,0.1249,0.1529,1
2,1,31,-0.21202326217889786,0.1329,0.1584,1
2,1,32,-0.2200137692928314,0.1289,0.182,1
2,1,33,-0.20986982843875887,0.1577,0.1048,1
2,1,34,-0.20918183941841123,0.1808,0.0556,1
2,1,35,-0.1948332953095436,0.1081,0.1732,1
2,1,36,-0.1922186579585075,0.1062,0.1699,1
2,1,37,-0.21226380411386492,0.1121,0.1999,1
2,1,38,-0.24767850666046146,0.2094,0.0748,1
2,1,39,-0.2279256624609232,0.1837,0.0895,1
2,1,40,-0.21238479709625246,0.1269,0.1702,1
2,1,41,-0.2217698184847832,0.0789,0.2831,1
2,1,42,-0.203017728805542,0.1198,0.1644,1
2,1,43,-0.19775717416405678,0.1063,0.1819,1
2,1,44,-0.22800097097754482,0.1355,0.1841,1
2,1,45,-0.22842406597137455,0.1511,0.155,1
2,1,46,-0.17359951543807983,0.1331,0.0806,1
2,1,47,-0.20878149100542068,0.1377,0.1403,1
2,1,48,-0.2424929744005203,0.1599,0.1627,1
2,1,49,-0.18698824677467346,0.1723,0.0303,1
2,3,0,-0.19716534079313278,0.0873,0.2191,1
2,3,1,-0.2659000836968422,0.2126,0.1055,1
2,3,2,-0.22583722105026244,0.1533,0.1447,1
2,3,3,-0.2266514860332012,0.1377,0.1779,1
2,3,4,-0.23218450589776038,0.1649,0.1325,1
2,3,5,-0.23181954218149184,0.1914,0.0809,1
2,3,6,-0.2234472370147705,0.1533,0.1398,1
2,3,7,-0.20651192905306817,0.1353,0.1403,1
2,3,8,-0.19143684908747674,0.1129,0.1551,1
2,3,9,-0.22103173935413362,0.1637,0.1154,1
2,3,10,-0.20650211042165756,0.0751,0.2603,1
2,3,11,-0.23950830811858176,0.1683,0.1403,1
2,3,12,-0.2319584681391716,0.0926,0.2778,1
2,3,13,-0.24472689819335935,0.1348,0.2196,1
2,3,14,-0.24574389249086379,0.1408,0.2074,1
2,3,15,-0.23398667221069336,0.1176,0.2304,1
2,3,16,-0.22636084709465504,0.2008,0.0525,1
2,3,17,-0.21399196197390558,0.1121,0.2025,1
2,3,18,-0.23654833689332008,0.2034,0.0679,1
2,3,19,-0.22765471575260166,0.1461,0.161,1
2,3,20,-0.19851594150066376,0.1086,0.1791,1
2,3,21,-0.21920263189673422,0.145,0.1486,1
2,3,22,-0.20826838740706446,0.1741,0.0688,1
2,3,23,-0.16473849391937254,0.1234,0.0812,1
2,3,24,-0.2020810952425003,0.1759,0.0519,1
2,3,25,-0.24536254986524586,0.1748,0.1398,1
2,3,26,-0.22591773146390914,0.1329,0.1861,1
2,3,27,-0.22031145071983335,0.0823,0.2734,1
2,3,28,-0.2083572818040848,0.1433,0.1304,1
2,3,29,-0.18118280774354933,0.0614,0.2382,1
2,3,30,-0.2127221763074398,0.1196,0.1841,1
2,3,31,-0.17364633089303969,0.0955,0.156,1
2,3,32,-0.21074581260681152,0.1155,0.1902,1
2,3,33,-0.23697205429077148,0.1604,0.1528,1
2,3,34,-0.22069868203401566,0.1405,0.1583,1
2,3,35,-0.21752155298590659,0.1253,0.1821,1
2,3,36,-0.2078626770079136,0.1741,0.0688,1
2,3,37,-0.2388419321537018,0.1311,0.2154,1
2,3,38,-0.25298376029729847,0.1983,0.11,1
2,3,39,-0.2165247437119484,0.1239,0.1841,1
2,3,40,-0.19963132184743881,0.1421,0.1143,1
2,3,41,-0.2434487409710884,0.1195,0.2452,1
2,3,42,-0.21875187144279482,0.097,0.2423,1
2,3,43,-0.2458921234935522,0.1541,0.1839,1
2,3,44,-0.16612490656971932,0.072,0.1865,1
2,3,45,-0.225934197974205,0.1495,0.1518,1
2,3,46,-0.22419828739762307,0.1311,0.1841,1
2,3,47,-0.22052768182754517,0.1238,0.1929,1
2,3,48,-0.2140224336743355,0.1017,0.2237,1
2,3,49,-0.23117249023914335,0.1221,0.2168,1
2,4,0,-0.18141159500181675,0.1357,0.0915,1
2,4,1,-0.20715189197659492,0.1757,0.0631,1
2,4,2,-0.21673087113499642,0.1244,0.1825,1
2,4,3,-0.17292123274207116,0.1026,0.1391,1
2,4,4,-0.23509194177389145,0.1663,0.1381,1
2,4,5,-0.24083583970069886,0.229,0.0244,1
2,4,6,-0.1766207135617733,0.1373,0.0773,1
2,4,7,-0.23331612377166747,0.1977,0.0694,1
2,4,8,-0.2051814025640488,0.1263,0.1574,1
2,4,9,-0.16261897981166837,0.086,0.153,1
2,4,10,-0.1862648956716061,0.1228,0.1271,1
2,4,11,-0.17753162766695021,0.0895,0.1743,1
2,4,12,-0.2220058896958828,0.1466,0.151,1
2,4,13,-0.2297509950399399,0.1392,0.1791,1
2,4,14,-0.1665406984090805,0.0767,0.1791,1
2,4,15,-0.20895346619784833,0.1901,0.0387,1
2,4,16,-0.22683512266874312,0.1703,0.1112,1
2,4,17,-0.17273925300836562,0.1109,0.122,1
2,4,18,-0.23191458716392516,0.1823,0.0972,1
2,4,19,-0.21408737372159956,0.0975,0.2307,1
2,4,20,-0.2534158698499203,0.2146,0.0775,1
2,4,21,-0.20101304644942283,0.1312,0.1377,1
2,4,22,-0.23278166860342028,0.1642,0.1376,1
2,4,23,-0.24334950690865514,0.2166,0.0519,1
2,4,24,-0.22891332879960538,0.1915,0.0757,1
2,4,25,-0.2259193985313177,0.2037,0.0459,1
2,4,26,-0.1588946726381779,0.1039,0.1085,1
2,4,27,-0.2113932183086872,0.1391,0.1427,1
2,4,28,-0.20020478196144104,0.1357,0.1289,1
2,4,29,-0.22845214836597444,0.1454,0.1648,1
2,4,30,-0.2081281761288643,0.068,0.2786,1
2,4,31,-0.22085321044921877,0.0816,0.276,1
2,4,32,-0.23306407011151312,0.1495,0.1649,1
2,4,33,-0.19466208666563034,0.0817,0.2243,1
2,4,34,-0.21786874495744707,0.0949,0.2451,1
2,4,35,-0.2419384148836136,0.1849,0.1128,1
2,4,36,-0.256226034450531,0.1579,0.1954,1
2,4,37,-0.23298813328742982,0.1977,0.0694,1
2,4,38,-0.2335073725640774,0.1512,0.1623,1
2,4,39,-0.18094502251148226,0.1343,0.0937,1
2,4,40,-0.2250638127565384,0.082,0.2836,1
2,4,41,-0.22998618431687354,0.1711,0.1185,1
2,4,42,-0.21651425077915193,0.1008,0.2308,1
2,4,43,-0.19363359001874925,0.0908,0.2038,1
2,4,44,-0.2188005922794342,0.1485,0.1386,1
2,4,45,-0.21708363325595856,0.1872,0.0612,1
2,4,46,-0.23360353469848633,0.1638,0.1376,1
2,4,47,-0.19679534777998922,0.0894,0.2127,1
2,4,48,-0.2093224983215332,0.1924,0.0336,1
2,4,49,-0.21014381523132325,0.0811,0.2565,1
3,0,0,-0.22947064669132233,0.147,0.1626,1
3,0,1,-0.24543725934028626,0.1584,0.1744,1
3,0,2,-0.2208659816980362,0.2082,0.0256,1
3,0,3,-0.24075563946664333,0.1488,0.1841,1
3,0,4,-0.21910446660518645,0.1233,0.1908,1
3,0,5,-0.19412352041602135,0.0997,0.1885,1
3,0,6,-0.18579625239372255,0.1017,0.168,1
3,0,7,-0.18720102501511574,0.0972,0.1797,1
3,0,8,-0.1797156062245369,0.0705,0.2164,1
3,0,9,-0.19613331753611565,0.0881,0.2155,1
3,0,10,-0.2189166185259819,0.1885,0.0595,1
3,0,11,-0.2464267340183258,0.2168,0.0596,1
3,0,12,-0.24652350841760637,0.1834,0.1265,1
3,0,13,-0.22720682882666587,0.1369,0.1801,1
3,0,14,-0.21442686195373534,0.1141,0.2005,1
3,0,15,-0.2754759595394134,0.2148,0.1214,1
3,0,16,-0.19833715636730193,0.101,0.1944,1
3,0,17,-0.23869232382774352,0.2168,0.0428,1
3,0,18,-0.21889089431762696,0.1222,0.1912,1
3,0,19,-0.20775776888132097,0.1267,0.1608,1
3,0,20,-0.1787445466697216,0.131,0.0959,1
3,0,21,-0.20306221841573716,0.1938,0.0202,1
3,0,22,-0.23006303858757018,0.1146,0.2298,1
3,0,23,-0.20589740046858787,0.0967,0.2161,1
3,0,24,-0.20705555284023286,0.0919,0.2293,1
3,0,25,-0.2080340588092804,0.1124,0.1906,1
3,0,26,-0.20977275232672693,0.1779,0.0619,1
3,0,27,-0.1552758007287979,0.1065,0.0962,1
3,0,28,-0.20870221015810966,0.1444,0.1265,1
3,0,29,-0.18790582876205447,0.1622,0.0522,1
3,0,30,-0.18397911834716796,0.1185,0.131,1
3,0,31,-0.2135517328977585,0.1223,0.1804,1
3,0,32,-0.2270658880352974,0.183,0.0874,1
3,0,33,-0.23017820892333984,0.2059,0.0468,1
3,0,34,-0.22112564203739168,0.1663,0.1076,1
3,0,35,-0.18142190278172493,0.058,0.2449,1
3,0,36,-0.24809503255784515,0.1584,0.1797,1
3,0,37,-0.21264990863800048,0.1849,0.0566,1
3,0,38,-0.229833354473114,0.2059,0.0468,1
3,0,39,-0.20187392451167108,0.1089,0.1841,1
3,0,40,-0.21574093685150147,0.0837,0.263,1
3,0,41,-0.18132062455415726,0.0904,0.181,1
3,0,42,-0.2350927725404501,0.1432,0.1839,1
3,0,43,-0.19220481152534485,0.1198,0.1448,1
3,0,44,-0.17899178791046141,0.0962,0.1636,1
3,0,45,-0.26391344359517094,0.2334,0.0597,1
3,0,46,-0.24858371488451958,0.192,0.1111,1
3,0,47,-0.2342581907272339,0.1108,0.2446,1
3,0,48,-0.22169650946557523,0.1758,0.0919,1
3,0,49,-0.20452654592990877,0.0951,0.2164,1
3,2,0,-0.17498372543156146,0.1615,0.0279,1
3,2,1,-0.21472704191207886,0.1726,0.083,1
3,2,2,-0.2117643039226532,0.1351,0.1518,1
3,2,3,-0.20005537118911743,0.1108,0.1782,1
3,2,4,-0.23356170907616614,0.2069,0.0551,1
3,2,5,-0.1484847214758396,0.1291,0.0392,1
3,2,6,-0.15611215615868568,0.1241,0.0625,1
3,2,7,-0.21926105976104737,0.1126,0.2112,1
3,2,8,-0.2060762794017792,0.0903,0.2304,1
3,2,9,-0.21805389395356178,0.0871,0.2593,1
3,2,10,-0.21252773482203483,0.1171,0.1885,1
3,2,11,-0.24322124145627022,0.1109,0.2621,1
3,2,12,-0.2000869362473488,0.1332,0.134,1
3,2,13,-0.19430162909030912,0.0974,0.1934,1
3,2,14,-0.24640826454162598,0.1396,0.2135,1
3,2,15,-0.24688627257943152,0.1198,0.2517,1
3,2,16,-0.20674929596185684,0.1177,0.1777,1
3,2,17,-0.18898654483556748,0.1114,0.1538,1
3,2,18,-0.23514077822566035,0.1534,0.1623,1
3,2,19,-0.17367151794433594,0.0963,0.153,1
3,2,20,-0.23550845727920533,0.104,0.2608,1
3,2,21,-0.22914934096336365,0.1582,0.1424,1
3,2,22,-0.183698010879755,0.1011,0.1651,1
3,2,23,-0.1973471349298954,0.1377,0.1185,1
3,2,24,-0.22083332830667496,0.2054,0.0302,1
3,2,25,-0.20988058257102965,0.1387,0.1422,1
3,2,26,-0.22707601254880427,0.1936,0.0679,1
3,2,27,-0.2469748126924038,0.1003,0.2917,1
3,2,28,-0.22631046313643455,0.1472,0.1585,1
3,2,29,-0.2321736555099487,0.177,0.11,1
3,2,30,-0.21822185821533202,0.1777,0.0798,1
3,2,31,-0.25852929446697237,0.1642,0.1862,1
3,2,32,-0.19738777831196785,0.1526,0.0898,1
3,2,33,-0.20261923639774324,0.0791,0.2446,1
3,2,34,-0.26356161016225815,0.229,0.071,1
3,2,35,-0.23969721542596817,0.1901,0.0976,1
3,2,36,-0.20811955527961257,0.1395,0.1375,1
3,2,37,-0.20671786916255952,0.0862,0.2386,1
3,2,38,-0.22019808504581448,0.1175,0.2039,1
3,2,39,-0.1467015917778015,0.0611,0.1696,1
3,2,40,-0.20924146270751956,0.0882,0.2396,1
3,2,41,-0.22403360712528228,0.1376,0.1713,1
3,2,42,-0.18291043305397034,0.1086,0.1468,1
3,2,43,-0.26458341691792014,0.1844,0.1609,1
3,2,44,-0.23265837568044662,0.2003,0.0647,1
3,2,45,-0.24063367822766307,0.102,0.2755,1
3,2,46,-0.1677520975828171,0.0995,0.1364,1
3,2,47,-0.16213228676319125,0.0705,0.1824,1
3,2,48,-0.20106275403499604,0.1509,0.1002,1
3,2,49,-0.1960310508966446,0.1537,0.0854,1
3,4,0,-0.19224325699806213,0.1534,0.0764,1
3,4,1,-0.21614308643341065,0.1512,0.128,1
3,4,2,-0.18984985758066178,0.1065,0.1649,1
3,4,3,-0.23427922803759574,0.1532,0.1599,1
3,4,4,-0.2095886733531952,0.0688,0.2792,1
3,4,5,-0.19539342867136,0.1043,0.1815,1
3,4,6,-0.21395972764492036,0.0841,0.2572,1
3,4,7,-0.20213464239835738,0.1108,0.1822,1
3,4,8,-0.19954577837586404,0.1652,0.0679,1
3,4,9,-0.22693233181238173,0.1667,0.1185,1
3,4,10,-0.23575118474960327,0.1496,0.1699,1
3,4,11,-0.17639342222213744,0.0864,0.1785,1
3,4,12,-0.24001839824914933,0.1638,0.1526,1
3,4,13,-0.20405418384075166,0.1203,0.1675,1
3,4,14,-0.16985158171653747,0.1223,0.0936,1
3,4,15,-0.19578042281270025,0.1056,0.1791,1
3,4,16,-0.16516774790883065,0.1245,0.0816,1
3,4,17,-0.2406612348437309,0.142,0.1974,1
3,4,18,-0.21161240471005438,0.1533,0.1161,1
3,4,19,-0.2113621158838272,0.1182,0.1862,1
3,4,20,-0.20332802023887636,0.0921,0.2214,1
3,4,21,-0.2400455167889595,0.1992,0.0806,1
3,4,22,-0.1533443529009819,0.0967,0.1132,1
3,4,23,-0.224109767216444,0.1783,0.0905,1
3,4,24,-0.2185054856598377,0.1818,0.0715,1
3,4,25,-0.2407484722137451,0.0971,0.2858,1
3,4,26,-0.23132439984083175,0.2122,0.04,1
3,4,27,-0.21611298397779463,0.1445,0.1412,1
3,4,28,-0.217359949952364,0.1185,0.1963,1
3,4,29,-0.13616180902719496,0.1209,0.0309,1
3,4,30,-0.2551837269544602,0.1121,0.2834,1
3,4,31,-0.23339486511945726,0.1312,0.2042,1
3,4,32,-0.22667306831479073,0.1946,0.0651,1
3,4,33,-0.20284893944263457,0.0858,0.2331,1
3,4,34,-0.2032535170018673,0.086,0.2321,1
3,4,35,-0.22958212140500545,0.1715,0.1167,1
3,4,36,-0.17839048658013346,0.0748,0.2061,1
3,4,37,-0.22157763589620588,0.093,0.2557,1
3,4,38,-0.22205340150594713,0.1645,0.1131,1
3,4,39,-0.224718332529068,0.1756,0.0993,1
3,4,40,-0.22971390902996064,0.1392,0.1791,1
3,4,41,-0.21768196454644204,0.1959,0.0437,1
3,4,42,-0.22812094974517821,0.1445,0.167,1
3,4,43,-0.20762430238723756,0.1252,0.1648,1
3,4,44,-0.249767678797245,0.1399,0.2172,1
3,4,45,-0.2077497991800308,0.1377,0.1403,1
3,4,46,-0.26003655670285225,0.1693,0.1791,1
3,4,47,-0.21292347164154052,0.1385,0.1474,1
3,4,48,-0.19846047341823578,0.1579,0.0817,1
3,4,49,-0.24270761070251465,0.2269,0.0318,1
4,0,0,-0.22155238119065762,0.1515,0.1403,1
4,0,1,-0.25165493702888486,0.1859,0.1322,1
4,0,2,-0.20092231718301773,0.1115,0.1767,1
4,0,3,-0.19229025865793228,0.0775,0.2289,1
4,0,4,-0.23887276988625525,0.1351,0.2049,1
4,0,5,-0.25618448535799976,0.2261,0.0624,1
4,0,6,-0.2598731632590294,0.1579,0.2016,1
4,0,7,-0.21915506824851036,0.1885,0.0595,1
4,0,8,-0.18466172814369203,0.1251,0.1193,1
4,0,9,-0.2256634754955769,0.1915,0.0673,1
4,0,10,-0.21587174121737482,0.1663,0.0997,1
4,0,11,-0.22307845007777216,0.2069,0.0321,1
4,0,12,-0.22007673525214194,0.1513,0.138,1
4,0,13,-0.20910159347653387,0.0792,0.2573,1
4,0,14,-0.2262510120868683,0.1572,0.1376,1
4,0,15,-0.20091540151834486,0.086,0.2279,1
4,0,16,-0.1880718344569206,0.1413,0.0935,1
4,0,17,-0.16817560985088348,0.0636,0.2086,1
4,0,18,-0.2211154300630093,0.1208,0.2005,1
4,0,19,-0.20087964962124824,0.09,0.2213,1
4,0,20,-0.1875689019680023,0.1141,0.1454,1
4,0,21,-0.23429649031162264,0.1642,0.1381,1
4,0,22,-0.2390725577026606,0.1647,0.1491,1
4,0,23,-0.18538384019136428,0.1553,0.0591,1
4,0,24,-0.208052008920908,0.1197,0.1767,1
4,0,25,-0.1681714207470417,0.0864,0.1633,1
4,0,26,-0.20828131194114685,0.178,0.0588,1
4,0,27,-0.20147670164108275,0.1137,0.1734,1
4,0,28,-0.17894880937337876,0.0703,0.216,1
4,0,29,-0.23877411908507348,0.1469,0.1839,1
4,0,30,-0.20234597971141338,0.1426,0.1199,1
4,0,31,-0.21512684136033058,0.1534,0.1229,1
4,0,32,-0.25577090260386465,0.1064,0.2961,1
4,0,33,-0.20914521954655646,0.1422,0.1342,1
4,0,34,-0.23001552009582518,0.1465,0.165,1
4,0,35,-0.2437470733642578,0.095,0.2964,1
4,0,36,-0.1939538432121277,0.0633,0.259,1
4,0,37,-0.2041594082176685,0.0681,0.2699,1
4,0,38,-0.2102777292728424,0.1267,0.167,1
4,0,39,-0.22275044082999232,0.1663,0.1136,1
4,0,40,-0.16384860761165618,0.0691,0.1877,1
4,0,41,-0.24531623526513577,0.2076,0.0765,1
4,0,42,-0.21797625760138034,0.1683,0.1001,1
4,0,43,-0.23579594957232472,0.1399,0.1893,1
4,0,44,-0.20569281476140022,0.064,0.2813,1
4,0,45,-0.25958620080947875,0.1274,0.2616,1
4,0,46,-0.2424258088827133,0.2054,0.073,1
4,0,47,-0.22121724712252616,0.1544,0.1339,1
4,0,48,-0.20758074693381787,0.1557,0.1045,1
4,0,49,-0.2461137545585632,0.1245,0.2412,1
4,4,0,-0.2153531500160694,0.1832,0.0633,1
4,4,1,-0.24007911477684973,0.2032,0.0747,1
4,4,2,-0.1563354312479496,0.068,0.1755,1
4,4,3,-0.1996241265833378,0.1428,0.1121,1
4,4,4,-0.2553045681625605,0.2094,0.0919,1
4,4,5,-0.22524527712464332,0.1377,0.1752,1
4,4,6,-0.2338237874507904,0.1715,0.1237,1
4,4,7,-0.1883935173034668,0.142,0.0932,1
4,4,8,-0.2502211911559105,0.1445,0.2089,1
4,4,9,-0.19476186044812202,0.093,0.2031,1
4,4,10,-0.1961951732635498,0.0839,0.2226,1
4,4,11,-0.23755140143632889,0.1803,0.1124,1
4,4,12,-0.22562871483564376,0.149,0.1511,1
4,4,13,-0.2162492348372936,0.1536,0.1255,1
4,4,14,-0.17404292557239534,0.1221,0.104,1
4,4,15,-0.22450390770435336,0.0973,0.2533,1
4,4,16,-0.2011485539495945,0.0883,0.2237,1
4,4,17,-0.18924850448966027,0.0995,0.1777,1
4,4,18,-0.1829126675784588,0.1151,0.1355,1
4,4,19,-0.23809476929605008,0.1951,0.0871,1
4,4,20,-0.26008609144091605,0.1628,0.1927,1
4,4,21,-0.17925206765532492,0.0873,0.1835,1
4,4,22,-0.22822410169243815,0.1738,0.1083,1
4,4,23,-0.1984302047252655,0.0794,0.2369,1
4,4,24,-0.22361347421407698,0.2009,0.0455,1
4,4,25,-0.18663465814590452,0.1667,0.041,1
4,4,26,-0.2196158151268959,0.191,0.0557,1
4,4,27,-0.23146440337300297,0.1624,0.1383,1
4,4,28,-0.22455012613534925,0.151,0.147,1
4,4,29,-0.22080067487955093,0.1355,0.1687,1
4,4,30,-0.235615326076746,0.0994,0.2697,1
4,4,31,-0.18315880486369132,0.1013,0.1629,1
4,4,32,-0.21425139845609664,0.131,0.1643,1
4,4,33,-0.24635400617122652,0.1628,0.166,1
4,4,34,-0.21809421136379242,0.1469,0.1426,1
4,4,35,-0.20464799854159355,0.1306,0.1483,1
4,4,36,-0.22686057262718679,0.1592,0.1359,1
4,4,37,-0.22450201460123062,0.1474,0.153,1
4,4,38,-0.21632855596542358,0.1129,0.2066,1
4,4,39,-0.1940933570444584,0.0931,0.2005,1
4,4,40,-0.22504613294601442,0.178,0.0921,1
4,4,41,-0.21564897733926772,0.1982,0.0342,1
4,4,42,-0.21014153566360474,0.0951,0.228,1
4,4,43,-0.20790774822235109,0.1511,0.1138,1
4,4,44,-0.22897189578413965,0.1868,0.0829,1
4,4,45,-0.22539233810305598,0.1267,0.1969,1
4,4,46,-0.22346447798609734,0.123,0.2005,1
4,4,47,-0.21706899106502534,0.1215,0.191,1
4,4,48,-0.20347752415537834,0.0884,0.2285,1
4,4,49,-0.18314758050441743,0.0925,0.181,1
4,2,0,-0.21868180590569972,0.1926,0.0531,1
4,2,1,-0.1909908987045288,0.1399,0.1026,1
4,2,2,-0.2521311503648758,0.1782,0.1486,1
4,2,3,-0.2278828881025314,0.1936,0.0692,1
4,2,4,-0.21899965174198152,0.1411,0.156,1
4,2,5,-0.18041744694113732,0.0777,0.2043,1
4,2,6,-0.18973447058200837,0.0841,0.2107,1
4,2,7,-0.182699955368042,0.0789,0.207,1
4,2,8,-0.2468217576920986,0.2077,0.0769,1
4,2,9,-0.2305764340043068,0.1332,0.1943,1
4,2,10,-0.17233161115646362,0.0705,0.203,1
4,2,11,-0.22920437164306642,0.1852,0.088,1
4,2,12,-0.24640652576684952,0.2192,0.0565,1
4,2,13,-0.20237725219726563,0.0983,0.2062,1
4,2,14,-0.2225543448984623,0.1685,0.1084,1
4,2,15,-0.24122008545398713,0.1546,0.1726,1
4,2,16,-0.18853214893341066,0.0985,0.1798,1
4,2,17,-0.20904780970215797,0.1869,0.0459,1
4,2,18,-0.21248029010295869,0.1238,0.1757,1
4,2,19,-0.2052805436193943,0.1418,0.1251,1
4,2,20,-0.18621667480468748,0.1493,0.0726,1
4,2,21,-0.23677574204802512,0.0996,0.2729,1
4,2,22,-0.22226422469615936,0.1468,0.151,1
4,2,23,-0.17822107681035995,0.0724,0.2103,1
4,2,24,-0.14186634719371793,0.1204,0.0432,1
4,2,25,-0.2643526795446873,0.2093,0.1117,1
4,2,26,-0.2608414619743824,0.1761,0.1671,1
4,2,27,-0.2344268147855997,0.1867,0.0969,1
4,2,28,-0.2195866394340992,0.1994,0.0422,1
4,2,29,-0.20554059423804286,0.1155,0.1799,1
4,2,30,-0.21156728795170784,0.1105,0.2005,1
4,2,31,-0.2362362102031708,0.2025,0.0674,1
4,2,32,-0.24747561675310137,0.2054,0.083,1
4,2,33,-0.19289034717679027,0.1019,0.1799,1
4,2,34,-0.22017622143030166,0.1875,0.0636,1
4,2,35,-0.18587982403039932,0.0917,0.1864,1
4,2,36,-0.24674440188109875,0.1529,0.1879,1
4,2,37,-0.18746596183776856,0.1222,0.13,1
4,2,38,-0.26447613328993325,0.1844,0.1609,1
4,2,39,-0.1881160461127758,0.0833,0.2077,1
4,2,40,-0.2215935139536858,0.1579,0.1253,1
4,2,41,-0.20741508625745775,0.1038,0.2053,1
4,2,42,-0.22952653266191483,0.2182,0.023,1
4,2,43,-0.2193852241039276,0.1242,0.1892,1
4,2,44,-0.1971251698613167,0.1174,0.159,1
4,2,45,-0.2429857697546482,0.1109,0.2621,1
4,2,46,-0.2026696446418762,0.1295,0.1454,1
4,2,47,-0.20342482107877732,0.1375,0.132,1
4,2,48,-0.2383688505589962,0.1901,0.0976,1
4,2,49,-0.2301700659751892,0.2117,0.039,1
5,1,0,-0.21950758419036867,0.1249,0.1886,1
5,1,1,-0.21324893230199812,0.1317,0.1631,1
5,1,2,-0.26674092130064964,0.1579,0.2151,1
5,1,3,-0.2177695894956589,0.0927,0.2494,1
5,1,4,-0.2574420366346836,0.1469,0.2189,1
5,1,5,-0.2317468007415533,0.2059,0.0529,1
5,1,6,-0.2148983407378197,0.0861,0.2551,1
5,1,7,-0.21584251956939698,0.1877,0.0558,1
5,1,8,-0.19644934866428376,0.1174,0.156,1
5,1,9,-0.24305420011281967,0.177,0.131,1
5,1,10,-0.21288198722004892,0.0762,0.2709,1
5,1,11,-0.20736646726727484,0.1084,0.1957,1
5,1,12,-0.23430716764926912,0.1782,0.1101,1
5,1,13,-0.25821458131074904,0.2028,0.1094,1
5,1,14,-0.23483162518143655,0.152,0.1653,1
5,1,15,-0.21563988513350485,0.0948,0.2395,1
5,1,16,-0.21375414648056032,0.1454,0.137,1
5,1,17,-0.20825220682024956,0.1895,0.0392,1
5,1,18,-0.1784098858356476,0.1025,0.1507,1
5,1,19,-0.19883271357417104,0.1309,0.1337,1
5,1,20,-0.2183930009126663,0.1221,0.1904,1
5,1,21,-0.23691857537627223,0.1039,0.2637,1
5,1,22,-0.19248747203350067,0.0967,0.1912,1
5,1,23,-0.23186300451755523,0.1411,0.1796,1
5,1,24,-0.20704647291898728,0.1544,0.1034,1
5,1,25,-0.22116061606407164,0.1717,0.0994,1
5,1,26,-0.19216260229349136,0.1062,0.1699,1
5,1,27,-0.20656788423657416,0.0861,0.2403,1
5,1,28,-0.19196895943284034,0.0748,0.2337,1
5,1,29,-0.20237902362942695,0.1249,0.1529,1
5,1,30,-0.19100608311295508,0.145,0.0927,1
5,1,31,-0.1738533470630646,0.1531,0.0398,1
5,1,32,-0.19421360464096069,0.0965,0.1934,1
5,1,33,-0.18237192437052727,0.1261,0.1129,1
5,1,34,-0.24129966913461684,0.1076,0.2662,1
5,1,35,-0.19491109144687654,0.097,0.195,1
5,1,36,-0.2208823126733303,0.0951,0.2491,1
5,1,37,-0.2045106803804636,0.123,0.1631,1
5,1,38,-0.1899714835166931,0.1654,0.05,1
5,1,39,-0.22402021228671076,0.1758,0.0971,1
5,1,40,-0.21280390548706052,0.0838,0.2572,1
5,1,41,-0.20477177260518073,0.1803,0.05,1
5,1,42,-0.2511932717204094,0.2071,0.0896,1
5,1,43,-0.22946729302406313,0.1917,0.0766,1
5,1,44,-0.1555406355321407,0.0768,0.1573,1
5,1,45,-0.24595294423103334,0.2094,0.0748,1
5,1,46,-0.226257117164135,0.2058,0.0427,1
5,1,47,-0.161088050365448,0.0636,0.1944,1
5,1,48,-0.2186286304473877,0.0791,0.2766,1
5,1,49,-0.22538984969854356,0.1489,0.1511,1
5,0,0,-0.23482569569349288,0.2065,0.058,1
5,0,1,-0.21587364048957824,0.0793,0.271,1
5,0,2,-0.158385963511467,0.084,0.1483,1
5,0,3,-0.236452569770813,0.1514,0.1684,1
5,0,4,-0.16096764509677886,0.1195,0.0813,1
5,0,5,-0.1646396249949932,0.0828,0.1635,1
5,0,6,-0.2331633176803589,0.1365,0.191,1
5,0,7,-0.21760090789794923,0.1332,0.1688,1
5,0,8,-0.24657326831817628,0.1515,0.1877,1
5,0,9,-0.21199588906764982,0.1649,0.0922,1
5,0,10,-0.18231228264570234,0.0866,0.191,1
5,0,11,-0.22269977404475214,0.1241,0.1967,1
5,0,12,-0.2254570224404335,0.1533,0.1447,1
5,0,13,-0.21402856718301771,0.1649,0.0963,1
5,0,14,-0.2333348795413971,0.1365,0.1918,1
5,0,15,-0.16790024045705795,0.0705,0.1929,1
5,0,16,-0.1990792003273964,0.1123,0.1724,1
5,0,17,-0.20177547689080239,0.09,0.2213,1
5,0,18,-0.20859946404695512,0.1377,0.142,1
5,0,19,-0.21030933122634884,0.102,0.2148,1
5,0,20,-0.22177319106161592,0.1714,0.1011,1
5,0,21,-0.22046865031421184,0.1483,0.1447,1
5,0,22,-0.18652546927332878,0.074,0.2245,1
5,0,23,-0.22607316224575041,0.1495,0.1512,1
5,0,24,-0.18370869380235672,0.1061,0.1552,1
5,0,25,-0.19240407824516298,0.1418,0.1014,1
5,0,26,-0.2090454753577709,0.1148,0.1883,1
5,0,27,-0.21558099190592767,0.1196,0.1907,1
5,0,28,-0.21893901958465578,0.1086,0.2202,1
5,0,29,-0.18228488655686378,0.0658,0.2321,1
5,0,30,-0.22445785251259803,0.123,0.2005,1
5,0,31,-0.22908099174499513,0.1222,0.2116,1
5,0,32,-0.18457534260749817,0.0973,0.1726,1
5,0,33,-0.21463420653343204,0.1203,0.1864,1
5,0,34,-0.2187053570151329,0.1885,0.0595,1
5,0,35,-0.21559673480987548,0.1466,0.1382,1
5,0,36,-0.2631998819977045,0.2086,0.1101,1
5,0,37,-0.21831067819297312,0.1926,0.0531,1
5,0,38,-0.19839019961357116,0.101,0.1944,1
5,0,39,-0.20068010487854482,0.1705,0.0611,1
5,0,40,-0.2418269852399826,0.1374,0.2071,1
5,0,41,-0.24877200055122378,0.1647,0.1658,1
5,0,42,-0.195544683650136,0.153,0.0853,1
5,0,43,-0.19378861577510836,0.1554,0.0749,1
5,0,44,-0.18155092765688896,0.058,0.2449,1
5,0,45,-0.22442018111944198,0.1288,0.1891,1
5,0,46,-0.23067145746350293,0.1468,0.1665,1
5,0,47,-0.24070633556842805,0.1709,0.1376,1
5,0,48,-0.18654301175475121,0.1283,0.1149,1
5,0,49,-0.1867347933650017,0.0918,0.1879,1
5,3,0,-0.24795343807935713,0.1379,0.2176,1
5,3,1,-0.23785764852762223,0.1994,0.0758,1
5,3,2,-0.23737496966123584,0.1849,0.1032,1
5,3,3,-0.20625474375486372,0.1805,0.05,1
5,3,4,-0.22827354783415796,0.1709,0.1143,1
5,3,5,-0.1743270849585533,0.1044,0.1382,1
5,3,6,-0.19191850507855418,0.0859,0.2099,1
5,3,7,-0.21443453391790393,0.1264,0.1743,1
5,3,8,-0.2393714571475983,0.1107,0.2569,1
5,3,9,-0.2389035351276398,0.1363,0.205,1
5,3,10,-0.24344326193332672,0.1936,0.1012,1
5,3,11,-0.21430441009998322,0.1334,0.1602,1
5,3,12,-0.2521693579435349,0.1074,0.2888,1
5,3,13,-0.21132453600168227,0.1121,0.1981,1
5,3,14,-0.24665445119142532,0.1109,0.2692,1
5,3,15,-0.19720285624861716,0.1084,0.1775,1
5,3,16,-0.23682875630259514,0.1403,0.1909,1
5,3,17,-0.22907229044437408,0.1423,0.1712,1
5,3,18,-0.2094655041128397,0.1403,0.1385,1
5,3,19,-0.21884771424531935,0.2013,0.034,1
5,3,20,-0.2747821461617947,0.2356,0.0779,1
5,3,21,-0.20879307901859281,0.1438,0.1289,1
5,3,22,-0.2373406187534332,0.1432,0.188,1
5,3,23,-0.232187797498703,0.1668,0.13,1
5,3,24,-0.1492208436310291,0.1082,0.0822,1
5,3,25,-0.14371132808327675,0.09,0.1061,1
5,3,26,-0.18731095480620863,0.1627,0.0499,1
5,3,27,-0.22712219901680944,0.1329,0.1861,1
5,3,28,-0.23244320259690285,0.1951,0.0729,1
5,3,29,-0.2614024609744549,0.23,0.0619,1
5,3,30,-0.18614138404726982,0.1498,0.0733,1
5,3,31,-0.24470442538261414,0.0984,0.2901,1
5,3,32,-0.23298281621932984,0.0883,0.2869,1
5,3,33,-0.26669537515640257,0.2166,0.0996,1
5,3,34,-0.20082697482407094,0.1515,0.0991,1
5,3,35,-0.21317738889455795,0.1174,0.1894,1
5,3,36,-0.21557964112758637,0.1421,0.1447,1
5,3,37,-0.16390886013507844,0.0919,0.1438,1
5,3,38,-0.24013056051731108,0.1892,0.1026,1
5,3,39,-0.2141678526878357,0.0792,0.2688,1
5,3,40,-0.22319966149926185,0.1219,0.2001,1
5,3,41,-0.19706945757865907,0.1408,0.1108,1
5,3,42,-0.22287063281536104,0.1195,0.2044,1
5,3,43,-0.22091315287351607,0.1465,0.149,1
5,3,44,-0.25693224111795426,0.1052,0.3009,1
5,3,45,-0.22317732575535776,0.1444,0.1557,1
5,3,46,-0.21624225535392763,0.1027,0.2258,1
5,3,47,-0.228983229970932,0.1688,0.1185,1
5,3,48,-0.2185338638305664,0.1377,0.1598,1
5,3,49,-0.2174611205637455,0.2003,0.0343,1
